ZIP_CODE,Composite_Metric
15001,48.11436817802359
15003,17.03107584457412
15004,0.5564994840046528
15005,14.158847378684664
15006,0.5024384457453188
15007,1.0950378506800629
15009,22.418258874148698
15010,41.54113381677893
15012,22.720635444388822
15014,4.916698295484648
15015,1.7936090634339934
15017,24.15360019751629
15018,1.5335661034742238
15019,2.2545741815169658
15020,0.738264330680814
15021,9.675278913353855
15022,14.939547146353974
15024,12.984683030309538
15025,23.827374493619214
15026,5.498098572917791
15027,3.5169621789235634
15028,0.2552700821042599
15030,1.5677681458630572
15031,0.7563736993726032
15033,6.643186872535827
15034,2.5850658589151916
15035,3.1997886490867593
15037,15.20006068839233
15038,0.4819123208485205
15042,12.079803637468629
15043,3.2565308909008497
15044,40.4402058276343
15045,6.684560590566472
15046,3.8150518442514145
15047,0.3945037922349569
15049,1.508087637646264
15050,3.5360389436183812
15051,0.6218048563769639
15052,4.394563550018004
15053,0.1343103209448803
15054,0.7560542036802622
15055,1.8156242207901823
15056,1.5194371669808915
15057,23.728143524459398
15059,5.921274303925631
15060,1.2719561417381962
15061,17.84665201903495
15062,10.46260903060131
15063,16.309328498735045
15064,0.37893251611740336
15065,16.58253352550251
15066,18.35402007379931
15067,3.709363022624964
15068,54.34270866697594
15071,17.613983083017345
15072,0.08874372316813534
15074,12.185616120986491
15075,0.06439485168653246
15076,1.2500646239212405
15077,0.3187428608528216
15078,0.893658917702306
15081,0.5355144194824669
15082,0.26225506289217365
15083,1.465886961870259
15084,14.456519354406788
15085,11.66914146997725
15086,0.8292617117045462
15087,0.10267479001322515
15088,0.6112161319868582
15089,9.79924280134612
15090,35.10250599695696
15101,38.14359084366804
15102,45.005822852496685
15104,11.876310928368628
15106,29.53318973479172
15108,62.67010596203868
15110,7.195120315305282
15112,4.417583850521531
15116,20.453389094601228
15120,27.471146443987966
15122,27.847588513154864
15123,0.00392404121053319
15126,9.810341099337586
15129,15.287054273098175
15131,12.465505133297734
15132,28.627524117978425
15133,8.97049545842962
15135,7.637595808012796
15136,33.24519598231419
15137,14.956179685102141
15139,9.933706850629813
15140,4.394436611466869
15142,2.118238867799403
15143,31.22601856439494
15144,6.040224390221844
15145,9.936320850482987
15146,42.98238865594391
15147,24.910113769014156
15148,3.551713509539981
15201,21.343260107071238
15202,30.59356775113707
15203,17.201824897841096
15204,12.22023171889883
15205,35.13717314105089
15206,45.012269770422996
15207,15.058988183000038
15208,12.90261632930225
15209,17.958256889003202
15210,38.540863577665746
15211,17.13479192619832
15212,43.39911437608269
15213,46.57759456403161
15214,21.656907610356072
15215,18.456859716335337
15216,32.764208528735715
15217,39.256392180008184
15218,20.695658879983608
15219,15.747117771300895
15220,27.22972195003078
15221,44.72387363411571
15222,9.648091498992148
15223,10.615428337451174
15224,17.361764011974
15225,1.4726538287630229
15226,20.937874876081054
15227,43.10494329395382
15228,25.713630715179786
15229,22.578091267590157
15232,19.994646592535844
15233,4.500466625820594
15234,20.811483792258016
15235,51.56776107419338
15236,46.344202389711754
15237,62.75243773631022
15238,17.871900283503223
15239,30.243776639959112
15241,30.106143373722567
15243,20.013835979832177
15260,0.0
15275,0.0065736425117796605
15282,8.47659118523576
15290,0.0
15301,73.19013113201576
15310,0.34889427997726963
15311,1.7270544601277644
15312,5.4823999085824475
15313,0.5641055139112241
15314,4.748331965024885
15315,1.009078853120842
15316,0.27177146405041647
15317,60.737282883901365
15320,7.888514319471304
15321,2.5384073731992745
15322,2.345846246807641
15323,5.70672688252199
15324,0.9937952835824144
15325,0.4601348686158191
15327,1.8328371982072946
15329,2.197085723645559
15330,8.040817252997243
15331,1.0198208196601628
15332,13.729195776707142
15333,2.4674451301425626
15334,0.43486600863067265
15337,0.8112102556705499
15338,2.321892944460245
15340,1.8365893195399448
15341,0.9573097333464623
15342,7.8575514932672545
15344,1.8880743435447438
15345,1.9460610907512919
15346,0.7370152233967021
15347,0.3918259671165162
15348,0.12141955086686076
15349,2.3172559556562886
15350,0.9578689096885072
15351,1.5736499131035524
15352,1.113505502236812
15353,0.11769819838604158
15357,2.278387782234274
15358,1.707215672858724
15359,0.2861852177895656
15360,2.531855944284393
15361,0.35121526253896546
15362,1.0106259174751115
15363,0.9921684837651653
15364,1.0084262003430995
15365,0.29375969132441354
15366,0.7411270547536865
15367,12.791704419467361
15368,0.5489281517447813
15370,19.39859999611079
15376,2.1741290946110206
15377,0.9085557268779031
15378,0.057894709433882634
15379,0.1078753856108833
15380,0.8360155034133377
15401,44.32129977091463
15410,1.4737036174980451
15411,0.9667435319205412
15412,0.35274481821762715
15413,0.5491138065782373
15416,0.6919895892413431
15417,11.639811279394616
15419,6.217166894363809
15420,0.326925515655278
15421,0.12396402021874403
15422,0.3926942649665864
15423,2.814002365995692
15424,2.922221943636024
15425,27.194770653581497
15427,1.3669831847026317
15428,2.7535789402736714
15429,0.6814750231873565
15430,0.42654632818077104
15431,6.2505873389448725
15432,0.5645892915511328
15433,1.1286949699552924
15434,0.474640498050395
15435,0.16855812020942185
15436,3.619275938490475
15437,3.9036519960925204
15438,3.375826442580708
15440,0.20948432404506093
15442,3.0445150449002334
15443,0.19295663963110973
15444,0.8756096673374805
15445,4.280682051992705
15446,0.23598999801509435
15447,0.25725836664198143
15448,0.2788045794160937
15449,0.6369653482904273
15450,2.4649885005615224
15451,1.2675503646028172
15454,0.27767640836835683
15455,0.9122079446237604
15456,3.5795148837158437
15458,3.843848740137032
15459,2.309683293282812
15460,0.20610216838715065
15461,5.3897749721644574
15462,0.23769321403965848
15463,0.406447033881247
15464,2.5604853360978774
15465,0.555891807663851
15466,0.6184569363902304
15467,0.19803670152017724
15468,3.9516203869276416
15469,3.182533894947212
15470,0.8299425350881955
15472,0.27416066708764547
15473,5.211161184716184
15474,2.9897211449190504
15475,1.6214892343960432
15476,0.09909554697079317
15477,1.2977541578244285
15478,8.240436294418448
15479,3.2814005672010214
15480,2.3974194762929795
15482,0.42351622240764014
15483,0.4923659117727562
15484,1.2668766972099044
15486,2.919239607265642
15488,0.13811862176402276
15489,0.577574257136766
15490,0.3625454348646848
15492,0.247867604338738
15501,23.178615515128577
15502,0.19558518510450926
15510,2.508222002210667
15520,0.6416373658398056
15521,2.792337918813772
15522,16.730353266153426
15530,6.989752706762081
15531,5.09772343963936
15532,0.21265716391050637
15533,1.7086609133558928
15534,1.3323954753114355
15535,2.914257232533241
15536,0.5389127253784
15537,12.03102879310324
15538,0.9756842151895915
15539,0.42609529240941
15540,0.4769418623266526
15541,5.099334906047718
15542,1.5074310823469403
15544,0.17520512365758523
15545,4.160902293496159
15546,0.8249717804801887
15547,1.4575566242860165
15550,2.516450087709824
15551,0.7935416097775632
15552,8.60001502806815
15554,3.349786733270521
15555,0.13899506157659167
15557,4.875594950284452
15558,2.923592059498925
15559,2.8636284575439555
15560,0.2248917942911442
15561,0.19113926315033883
15562,0.4940904415646293
15563,4.028620297380363
15564,0.15565312152001032
15565,0.011358537219362417
15601,84.65108376646255
15610,6.350397539085678
15611,0.42432563642649
15612,0.5602877395340924
15613,18.70146116161586
15615,0.36094940044213897
15616,0.5960388327044779
15617,0.35146986815452713
15618,3.554179329738675
15619,0.5610321242002069
15620,0.8488925999124622
15622,1.9763564704307395
15623,1.248760895032616
15624,0.6838137792752834
15625,0.0693730501694103
15626,7.246987526291757
15627,9.600592912735785
15628,0.6570324615360125
15629,0.8981592541059624
15631,1.3459465064847937
15632,13.825095581888155
15633,0.7355704597471018
15634,0.6487862538340421
15635,0.20859965429572358
15636,6.468277972131019
15637,2.2961493549909693
15638,0.11376729252078255
15639,3.0858015104959162
15640,0.6112411875125197
15641,0.7103288915666853
15642,66.92022561315304
15644,27.646011517601288
15646,0.22635132871247593
15647,0.035158086520566276
15650,39.5202744687835
15655,0.384373006026649
15656,13.883356803136074
15658,12.518041397699264
15660,0.4342270304391195
15661,1.3069275324256322
15662,1.764976815673855
15663,0.8076997828294532
15665,1.9547173108623535
15666,22.62828645399341
15668,19.843749780183366
15670,4.727058625810254
15671,0.8456044225422926
15672,4.827370779266929
15673,1.8033021651137515
15674,0.49589693744618746
15675,1.540031050533424
15676,0.9474007263343014
15677,0.5762262527960342
15678,0.9549463729565897
15679,3.951945956886621
15680,0.3710976910797266
15681,6.7552665037701205
15682,0.4018845259942476
15683,11.717732425265943
15684,0.5334382056667526
15686,1.5284017809412056
15687,1.774665125337286
15688,1.398248974700884
15689,0.1955181609150038
15690,13.337047222342335
15691,0.5538645607690372
15692,1.2850523626663803
15693,0.4764545674245967
15695,0.4348492719805983
15696,0.39912592661592167
15697,4.339867064083022
15698,0.8077335372704424
15701,45.69780532550535
15705,5.132597108973847
15710,0.28232923157489787
15711,0.43819920785191974
15712,0.14897198210332036
15713,0.44141124321187897
15714,6.65569060820887
15715,0.7551288273039117
15716,0.5434581854670266
15717,14.421648735080947
15720,0.3975529397309428
15721,0.25320878379530304
15722,3.153513363512149
15723,0.02449854643343955
15724,3.248792054571277
15725,1.8358157580598313
15727,0.33192401028931906
15728,4.729407003187701
15729,1.6157690330453125
15730,0.24420781561712931
15731,0.502835649957225
15732,2.1779585183554437
15733,0.1738549776112494
15734,0.4878769629297143
15736,0.5118342861772487
15737,0.1778591786120991
15738,0.21455317516171057
15739,0.5989374541695262
15741,0.09169415994292505
15742,1.4013722649871867
15744,0.058234784023922216
15745,0.42960745819748447
15746,0.16881729833106981
15747,2.543273747390117
15748,10.324230353537484
15750,0.40912796761660264
15752,0.04952414903392668
15753,0.6097246701941432
15754,0.44360415974908257
15756,0.2688916335880092
15757,1.970171595206599
15759,4.138361718548908
15760,0.1555062931176469
15761,0.2556305967339784
15762,1.3137965743191597
15763,0.020917243680317964
15764,0.13265467763447106
15765,2.557870525111005
15767,20.151094825266476
15770,0.28664300265512754
15771,1.3945754106864705
15772,2.43066661225654
15773,0.6646463820772573
15774,4.209503821693129
15775,0.8355959199835608
15776,0.055244456483472176
15777,0.11323379892642706
15778,0.5010798241359158
15779,0.7513363175144434
15780,0.18752287845985496
15781,0.15846583425668134
15783,0.13351820857322502
15784,0.09963951173794143
15801,29.404967122748772
15821,0.1342246422416516
15823,1.7330602428632835
15824,7.480671241276711
15825,13.884879873289238
15827,0.5546938787056608
15828,0.29331674302247424
15829,1.7901652154479313
15831,0.056760513136317574
15832,0.3844744919518144
15834,6.25222847615749
15840,2.6655316140304515
15841,0.2822300856240345
15845,4.126635756454125
15846,4.731940861214707
15847,0.07030175097703881
15848,1.159008683079308
15849,1.8219816864991178
15851,9.663316212524308
15853,9.010284753149584
15856,1.2938084950191058
15857,19.230204797276173
15860,1.701873690520392
15861,0.17331814873650458
15863,0.21726820977256528
15864,2.5597967867135396
15865,1.523430343006815
15866,0.2678031452394066
15868,2.623806337536488
15870,1.7499337747894899
15901,5.460442867990558
15902,16.600258896817966
15904,24.73046816253702
15905,29.54613485285219
15906,13.884497473811614
15909,7.39437481610348
15920,0.8751596813303447
15921,0.47268355548960955
15922,0.13497668875676624
15923,2.225517874895394
15924,1.3429644808925854
15925,0.20416029752249612
15926,3.6034179463680593
15927,1.2137233740367257
15928,2.809092550470073
15929,0.19890719203516957
15930,0.5853999329730551
15931,13.270979852544757
15934,0.0
15935,4.341978849854149
15936,2.319855169585151
15937,1.007604712776754
15938,3.481650255561152
15940,5.222327407377536
15942,2.813750607661245
15943,5.6445815703370465
15944,4.136164280469585
15945,0.21738734546920785
15946,9.772530984744012
15948,0.6594364183341013
15949,0.69828653128268
15951,0.8665537399701541
15952,1.7978815563846235
15953,0.07550596886222283
15954,3.4740874224244647
15955,3.3243360130694137
15956,3.7471318409820107
15957,0.5170864923653025
15958,2.946684171822489
15960,0.2691985016144031
15961,1.347399273526903
15962,0.5737575752348869
15963,15.013900676922606
16001,58.95705197059038
16002,23.137454527966554
16020,1.6583281361899886
16022,0.498330710775483
16023,6.77717420885773
16024,0.45018958696917133
16025,6.81466082834851
16027,0.5457039497974474
16028,2.9173591214473173
16029,1.2586734915180544
16030,0.3820810772133667
16033,10.370203009308417
16034,2.684274875367577
16035,0.28787140473698947
16036,0.43754025932825674
16037,6.7231071738063575
16038,5.05509109083768
16040,1.3017379689279396
16041,3.012754649406217
16045,1.6412740541601296
16046,24.568729297694272
16048,0.2177270778106929
16049,4.304035650278966
16050,1.5842857004465014
16051,4.332219348547169
16052,3.523200133703729
16053,5.5913749160047175
16054,0.5544387605786811
16055,11.879155177650947
16056,6.379821051761191
16057,22.006449253176203
16059,13.017165524071334
16061,4.0748537201818165
16063,11.780500473430772
16066,45.74486919343851
16101,45.55042969414588
16102,7.694455874323736
16105,23.33796360065763
16110,0.7192845853778228
16111,1.6063684894674353
16112,2.1431702694581256
16113,0.5607111992863992
16114,0.854222193204574
16115,4.999785174956047
16116,3.9541095106113393
16117,23.32485478335747
16120,3.3971979066131217
16121,5.942885488796698
16123,4.011761566376716
16124,2.290994134413509
16125,25.711035900734124
16127,22.5229709919896
16130,3.0065885709065223
16131,1.2950235047361114
16132,0.491236602185239
16133,2.1235356731802657
16134,5.4829164411783475
16136,1.0838381239246482
16137,17.919331370165924
16140,0.48075566803503517
16141,2.37535895781662
16142,7.481317012209522
16143,3.04128465234651
16145,3.7865724781471126
16146,19.62314470423831
16148,24.639949197534673
16150,10.621729191960391
16151,0.11529754156139628
16153,3.0773886734600446
16154,2.91107417959111
16155,0.2542122206279225
16156,4.3323507833475885
16157,4.397675060643101
16159,6.88339804441942
16160,1.3114306242599834
16161,0.924040103657458
16172,1.369047006182961
16201,24.364714464089467
16210,1.0523144060492347
16211,0.08576982494713813
16212,0.3543362598748893
16213,0.1819434705977811
16214,13.507591376302466
16217,0.161818779935717
16218,1.6724503300800515
16220,0.19058804046325103
16222,3.7986383013505827
16223,0.12196358005030765
16224,1.4100191749268491
16226,11.828193678238225
16228,0.4770169651001217
16229,8.063212150746875
16230,0.7269468857148215
16232,6.124451427329051
16233,1.603185022398204
16235,1.7182090439657065
16236,0.4023284644106153
16238,0.5763138893121748
16239,4.880158289349335
16240,2.2354583645683657
16242,6.299420535452957
16244,0.5010117091483728
16245,0.4355753442570291
16246,0.26809425981305685
16248,4.504325497982092
16249,2.9012161199628723
16250,0.5153989728543468
16253,0.19726706703780314
16254,5.143374649651979
16255,2.62744659895773
16256,2.21684988145308
16258,2.466955530391204
16259,3.070681097124754
16260,0.5707630697743987
16262,4.315915513929518
16263,0.42731595827622243
16301,21.52512025207283
16311,0.6163450141586628
16312,0.0
16313,2.806173105592333
16314,7.4888488624501885
16316,7.044438923279777
16317,1.8885085861253752
16319,1.8608349952906351
16321,0.021520465567612067
16322,0.15179750551318497
16323,22.61749974675573
16326,0.32183414951156175
16327,3.6524040956275496
16328,0.35232657659205935
16329,0.6486925842309257
16331,0.15430412508167352
16332,0.07360275437947578
16333,0.41815886005259423
16334,0.5925798028661077
16335,40.26874607259427
16340,2.5054706197917698
16341,2.5953390213822947
16342,3.596971272204398
16343,0.8474024920088197
16344,0.6307439868947972
16345,5.308746049161336
16346,4.713058320099742
16347,2.3512605720332758
16350,3.317570715699289
16351,2.4710759898192167
16352,0.28214559356206437
16353,4.27263112689825
16354,15.324813753406428
16360,1.8661329661557917
16361,0.041898510407463396
16362,1.4494466437246882
16364,1.9554141975849488
16365,25.892081586153758
16370,0.41593572449389865
16371,4.296560474309969
16372,0.8484962903569497
16373,4.271291596030937
16374,2.350518858585383
16401,5.849017036460833
16402,1.0211541757669316
16403,10.054125449012021
16404,4.467283837383374
16405,0.8188667891029344
16406,4.895510709634195
16407,15.704074371877743
16410,2.836877693398651
16411,2.122814376827371
16412,14.780342748431838
16415,13.610894234300345
16416,0.21340016467503914
16417,12.758533398425731
16420,0.6779023800770776
16421,3.5055872192625777
16422,0.34226856692176455
16423,5.271235573177513
16424,6.412872080695518
16426,5.130756793628572
16427,0.25357499755860297
16428,17.6571290632274
16430,0.25969033566578903
16433,7.422985896985986
16434,3.794828383713117
16435,2.45540040054591
16436,1.0813854640671416
16438,10.813816088217306
16440,1.1498522647187726
16441,13.219964572736092
16442,4.253657958955646
16443,1.3878845393425605
16444,1.5198652841529332
16475,2.3984129918052757
16501,2.452427212178187
16502,22.773582718567653
16503,20.858818733493916
16504,22.951770295891404
16505,24.09297688069779
16506,35.148040116673975
16507,13.534002521259348
16508,22.37968743715363
16509,40.684727001755675
16510,35.43866336165548
16511,15.949176338098784
16546,1.6553263926633366
16550,0.0
16563,2.234264308333865
16601,47.621243549596045
16602,40.34842616301815
16611,3.6266987437225526
16613,2.2779918609343452
16616,0.21680276754279318
16617,3.7288213162107295
16619,0.3954826629514189
16620,0.5231921334928414
16621,0.9703892936963894
16622,0.15925290986528792
16623,0.8129056902998734
16624,0.2659489482375102
16625,5.442434454998483
16627,3.4624627848393015
16630,7.487805746982305
16631,0.081336582820528
16633,0.5149004127300094
16634,0.39246776415143736
16635,17.885501516959785
16636,1.309198790040663
16637,3.71136391762472
16638,0.08624193678464337
16639,2.2062391116240563
16640,1.292798009114253
16641,3.5581562575132897
16645,0.31164903891810536
16646,3.2126670402477018
16647,1.1067854108234083
16648,21.339896301811258
16650,2.3562889093149733
16651,7.5315235247478824
16652,22.785245755595234
16654,2.2797922869101273
16655,1.934202357603633
16656,1.759694233866132
16657,2.061450800097416
16659,0.2545119854082112
16661,1.3594859045401995
16662,7.934788150639305
16664,2.7919341986703157
16665,0.5505061394059617
16666,4.5354493060530245
16667,2.056469498700139
16668,5.0644988041678936
16669,2.868026592029074
16670,0.09481464033739659
16671,0.6370298931586202
16672,0.3527090308360589
16673,7.651502983590447
16674,0.6726007198329692
16675,0.11464451778328408
16677,0.4817128843023798
16678,3.538596024118159
16679,0.9739824547904254
16680,0.4420387211623391
16682,0.16567911035391494
16683,0.4532856032049271
16684,0.05308018393911902
16685,0.4164807739577836
16686,19.749757460546654
16689,0.5769468159400043
16691,0.40890680948718366
16692,1.12848151458016
16693,5.9491705448974805
16694,0.44783427822491517
16695,1.4005278840448627
16699,0.0
16701,24.394611030632714
16720,1.7097902511451553
16724,0.16493732391750093
16725,0.059220856619704595
16726,0.8128242181871758
16727,0.21588043148259997
16729,1.0920079924141817
16730,0.1869876338748301
16731,3.5422866477798283
16732,0.20377856499606906
16733,0.3204817749511506
16734,0.3236738884040821
16735,8.935302112761814
16738,2.7512234489004506
16740,1.3200003145897181
16743,5.22770987953765
16744,0.31635107955215425
16745,0.9704254062513962
16746,1.4489163011377348
16748,4.069392803878834
16749,5.467724593395047
16750,0.825609108822868
16801,66.6687871629713
16802,18.12932837746348
16803,36.68548546517036
16820,1.6844773006844216
16821,0.38890984094936
16822,2.818534701364562
16823,41.88121743917712
16825,0.3147437323953918
16826,0.609643891878703
16827,6.908319217232394
16828,6.530749505909641
16829,0.9566975917780354
16830,19.306370551756498
16832,0.4336475795957218
16833,7.5632456527651755
16834,1.0103060788211775
16835,0.3847364214430675
16836,1.6473381120670785
16837,0.13500574462464665
16838,2.69693788902844
16839,0.6470381106327541
16840,0.5135031743249943
16841,9.382917185970602
16843,0.811315551764832
16844,3.7980232765669615
16845,1.4324558539894976
16847,0.6093646519860388
16848,0.32129177268254355
16849,0.16834550481200983
16851,1.9045939380587482
16852,0.3299693105422368
16853,0.5017499051678297
16854,0.933613912566523
16855,0.09341719264054911
16856,0.11620313218265393
16858,5.654874039633347
16859,0.7024975532841948
16860,0.55259894142493
16861,0.39547616249473233
16863,0.8032473820017747
16864,0.1652207801227952
16865,2.061000235209827
16866,13.775709733245806
16868,1.790405669606995
16870,10.329461332415768
16871,0.10731191180274192
16872,1.7629812003925331
16874,1.8881692682790594
16875,5.417069808520347
16876,0.3390536374475239
16877,2.9699269655977694
16878,2.612824504498562
16879,0.6148405737663338
16881,3.622709281313067
16882,0.6813197130644942
16901,15.762023138613914
16910,0.11231841923434607
16911,0.3851988552180056
16912,3.5166313742094584
16914,3.2836915470487735
16915,8.65915385370787
16917,1.5948441925882544
16920,2.7205395973035973
16921,0.8857076523916967
16922,2.5887666739059885
16923,1.9255593565465505
16925,4.508816313817113
16926,1.3898009597375804
16927,0.7029170654816856
16928,2.162891859975991
16929,3.477988439489795
16930,1.5972118160941118
16932,1.0967535790078544
16933,9.252341251880956
16935,1.670821659384531
16936,3.140410992638066
16937,0.1890595000221446
16938,1.1226072053388743
16939,0.5281138647130991
16940,0.08024403554827113
16941,0.1380020255761947
16942,1.1553480387560642
16943,0.5901643344786437
16946,3.6880905397623884
16947,6.620181680924052
16948,2.2714772198178945
16950,4.749225834709002
17002,0.7281466637222485
17003,17.887013333897144
17004,6.3918476702452685
17005,0.41350622010307453
17006,1.2276394184983153
17007,8.23747061914313
17009,2.4878382632075877
17010,0.46074420950854306
17011,53.10300562812868
17013,51.711571166082884
17014,0.24967822109081025
17015,35.497674655099296
17016,1.4692903267696533
17017,2.1872087386304115
17018,6.076714172518851
17019,27.14004787367099
17020,12.55278739942995
17021,1.4777170390896517
17022,45.59736918032381
17023,4.780258044082524
17024,2.7411251389558213
17025,24.532666642648188
17026,5.091197693242633
17027,4.120890209354346
17028,5.350435948949825
17029,0.41895879386940366
17030,0.7706341648775676
17032,10.952021318825258
17033,25.477607846172628
17034,3.7749240264003676
17035,1.163702960049558
17036,31.414817067173313
17037,1.205380969928322
17038,12.009312831002909
17039,0.12091161154903927
17040,3.2427648686732145
17041,0.37081629279134753
17042,55.436959444150304
17043,8.706367122364126
17044,29.60583439322283
17045,5.146809342233777
17046,44.253367651178024
17047,3.576942588358198
17048,5.167949213890634
17049,3.8501768721193317
17050,58.57090348783818
17051,6.96118188109068
17052,2.2066125758488613
17053,7.650141185707221
17054,0.27673692295749647
17055,57.76927138707568
17056,0.07207948205834411
17057,34.14782513444735
17058,2.37028441594547
17059,11.332013374685562
17060,1.4314120011424645
17061,9.725052145916829
17062,5.837614580310997
17063,4.778077304517576
17064,1.3558124511005183
17065,5.375401771196364
17066,6.923984706068278
17067,21.824511418524185
17068,6.373260091426304
17069,0.4719891123930319
17070,25.182114790728548
17071,0.1629999709107983
17073,7.254581965797858
17074,10.45889724674788
17075,0.2353613702318636
17076,0.21322119136902998
17077,0.07571907135159558
17078,32.0967306374328
17080,0.4152450409372572
17081,0.4751020929052726
17082,4.215279228263031
17084,6.509168346068553
17086,3.065908286323168
17087,3.460587799909968
17088,0.9977646805001785
17090,8.088226528680062
17093,1.5284754194135945
17094,3.4057633015085242
17097,1.154221385633621
17098,3.353577709446371
17099,1.8523239670033658
17101,3.3317195799684183
17102,12.233250802666024
17103,17.036447481427835
17104,25.245794890033146
17109,37.069419000880494
17110,37.914453453328235
17111,53.53924495602504
17112,54.38387682595975
17113,15.64421409880138
17120,0.0
17201,40.23177064353608
17202,45.58364402900826
17210,0.2680580902329614
17211,0.6725744507180268
17212,0.7781398181116261
17213,1.0052862718987778
17214,1.1920426612922916
17215,0.2791016681383203
17217,0.16384787320982805
17219,0.6003002253118056
17220,0.5950306524453787
17221,0.7483397548874525
17222,15.12202922747573
17223,0.4379835043612495
17224,2.685819923109188
17225,29.239205830449112
17228,1.5008143690426214
17229,1.80609747975842
17232,0.07139662458138168
17233,7.712435863433321
17235,1.0881829378253156
17236,11.536722215936168
17237,2.8331032598374843
17238,2.7906252058697287
17239,0.23394121792639486
17240,5.109143284260359
17241,15.782125164274039
17243,2.001228205491691
17244,2.9339135179755167
17246,0.7811921295786294
17247,0.6976358964204553
17249,0.49174118436801917
17250,0.17499950289118493
17251,0.11203620425294704
17252,5.567837773665936
17253,0.4837968819650514
17254,0.6980492169638919
17255,1.689652720633163
17257,40.43830510969001
17260,1.4089178659122816
17261,0.06702978270849336
17262,1.3616580223913124
17263,0.9900491919727469
17264,3.2762108264774223
17265,0.5936094593808094
17266,0.7694393037115091
17267,3.9753331666281526
17268,40.55573814051751
17271,0.6870857606443573
17301,5.929503444775146
17302,3.9359069379847145
17303,0.5555376613693841
17304,3.8958164283899213
17306,0.8129789058940113
17307,8.302751112594638
17309,2.6076919665454605
17311,0.28496537705005354
17313,15.252839167588258
17314,8.320699135281979
17315,39.20387961219428
17316,12.23287035538648
17317,0.563650627225118
17318,0.6416651717511644
17319,16.12927103888298
17320,11.844077278129625
17321,3.311818233646734
17322,8.686558603612642
17323,0.14244233852919636
17324,5.523541871707334
17325,42.495748208757846
17327,11.661565205090051
17329,4.120930587900326
17331,77.70940143917746
17339,9.146712116397532
17340,15.906409629638919
17342,0.8191321187683842
17343,0.18253171985810152
17344,4.949295552957636
17345,11.948458273383125
17347,9.18029016559207
17349,11.491692177626705
17350,19.427295507381416
17352,2.318853305168274
17353,4.036993383953056
17355,0.4969380038556793
17356,33.07593217512901
17360,7.976931778735996
17361,9.147963787067216
17362,20.305318633988577
17363,12.4779451368392
17364,5.501859018727831
17365,3.8946020994189916
17366,8.518826809602896
17368,8.908037260907589
17370,8.750853137072175
17371,0.4930590190221297
17372,5.525151906483153
17401,25.333764055954745
17402,51.74490196626491
17403,56.93798437069286
17404,53.75345750510273
17406,34.22934395650798
17407,3.739840580706781
17408,34.41865223221402
17501,6.506232081010756
17502,3.8778425304851414
17504,0.18026863953809652
17505,1.978464998376629
17506,0.6999655855523441
17507,0.19848734386795863
17508,1.1032692224389136
17509,6.057827776470004
17512,26.85663047257677
17516,7.376776913893328
17517,22.062859012604545
17518,2.0117737113252256
17519,8.76626340559184
17520,7.107755685305388
17522,47.5398428962777
17527,8.721214554506018
17529,5.817948804549378
17532,4.375215661204686
17534,0.10109759444824475
17535,3.597290129353936
17536,4.5872453410472005
17538,11.674970544572883
17540,15.020550396059946
17543,64.5713179040136
17545,31.625624753724434
17547,12.026584651033001
17550,0.7086080836197184
17551,16.758102460251692
17552,28.271220825068355
17554,10.607631602343739
17555,8.635357157123652
17557,21.195011868970635
17560,7.293435576620776
17562,5.60522462424137
17563,4.807918842423602
17565,3.185651486215864
17566,16.659253323420362
17568,0.1729710408143452
17569,9.311632225707793
17570,0.46515440682080034
17572,5.02782920369571
17576,0.0
17578,8.948530846497363
17579,8.244779990175356
17581,0.11418895201141327
17582,2.2364442354643157
17584,16.15615193808725
17601,80.69667839548035
17602,71.71382962901755
17603,97.13620376022696
17606,0.48830697598895595
17701,62.7632620154863
17702,15.252275148750982
17720,0.4131791736037412
17721,2.3306077649963046
17723,0.10451052408912336
17724,6.627838864443297
17727,0.040889354939448085
17728,7.050889323136181
17729,0.1500686613312462
17730,0.10669210233837513
17731,0.27872129142959673
17737,9.35795639847951
17739,0.04398352709012282
17740,16.4372808052573
17742,0.0845643917743956
17744,4.048035008715183
17745,26.93404094131433
17747,4.173622964598315
17748,0.17385613296435587
17749,0.464772398638022
17750,0.08265412214542069
17751,10.100234928009954
17752,6.33664143153377
17754,17.88300400645563
17756,18.46584148855722
17758,1.6150698594646122
17760,0.8414435836592435
17762,0.7619332737551686
17763,0.4698481300751319
17764,3.4575984009182643
17765,1.6251722458065974
17768,0.5611529498893424
17769,0.05903459369535422
17771,4.394652715899524
17772,3.458575232057882
17774,1.654581359605102
17776,0.3005171518393271
17777,9.629110036456924
17778,0.15562291606886622
17779,0.05694002509504512
17801,23.3952667602543
17810,6.605127322987479
17812,2.2300491864269794
17813,2.7704781300320622
17814,7.279962311952723
17815,44.04520541770632
17820,7.658768859952776
17821,27.16781266014165
17822,0.021443556987595345
17823,1.7731451784924908
17824,5.794265634139439
17827,1.3054671284236898
17829,0.37052548120355283
17830,2.9043457346068333
17832,0.9381179936906405
17834,5.197293314689272
17835,0.1122222890502917
17836,0.25554474830305907
17837,27.43115961544368
17840,0.5821495413081154
17841,6.255537091695261
17842,11.902604559259512
17844,13.873990259208199
17845,2.631980526814586
17846,5.616838879590181
17847,16.697566992794474
17850,0.8180974192410367
17851,11.047885200551475
17853,4.353345087224015
17855,1.1629762196627607
17856,4.223354376109201
17857,11.17503262734435
17858,0.13366501024314842
17859,3.9934986700709656
17860,3.612968797092037
17861,0.3094750173628307
17862,0.5551896027246668
17864,2.8645507689628684
17865,0.06038517790185076
17866,13.618848130284352
17867,0.2132423284879983
17868,1.4922921331082848
17870,22.150667699341355
17872,13.334673228766396
17876,2.607102965691768
17878,2.067989705400975
17880,0.15541589146798754
17881,2.102194637725954
17884,0.204090002212801
17885,0.35582694789126734
17886,1.6540317805583633
17887,0.7344774056055766
17888,0.693798943014552
17889,4.001518729101209
17901,33.38038045359147
17920,0.4039677894932724
17921,9.65770739632644
17922,7.02933091043114
17923,0.5680461617962524
17925,0.42109903899659445
17929,1.828650057804395
17930,0.4295976146472716
17931,11.007366926333418
17933,0.2988166885348125
17934,0.31500638931895575
17935,2.324165638027732
17936,1.372623801533519
17938,3.7801350118769768
17941,1.0260563190950311
17943,0.05142467099917051
17944,0.2611287063430577
17945,0.39159475730934634
17946,0.4177060964718188
17948,5.7896294112624505
17949,0.2756944027079426
17951,0.5093472380706048
17952,0.31679294921355106
17953,0.520915045618125
17954,6.805573115672972
17957,0.5892773623339146
17959,1.9970893086153316
17960,6.499232669236439
17961,9.583503120675193
17963,13.214591529377898
17964,1.034620398434253
17965,2.729068356644941
17967,3.3395762479126367
17968,0.3122281541127047
17970,4.843977397735539
17972,16.921962578230275
17974,0.4829907512702027
17976,8.66809241558115
17978,0.9048571797959384
17979,0.11354404260446874
17980,4.225654110182835
17981,3.6989640034233746
17982,0.6461300811954044
17983,1.97314957399961
17985,2.0308881558723484
18011,7.6647844405185
18012,0.0
18013,25.668534707538203
18014,17.677630263405142
18015,49.60752480746558
18017,57.61491772604038
18018,47.278637761817855
18020,30.99453698812118
18030,0.877242976704191
18031,15.991271113065109
18032,13.599387690644788
18034,13.470934464558058
18035,0.05962815640081604
18036,20.825983363205832
18037,10.535512032094086
18038,5.47465674784661
18040,24.55588971723904
18041,8.18868261979584
18042,63.02981495961745
18045,42.90720048387555
18046,0.18620150504248903
18049,26.598050097774355
18051,4.585380394394282
18052,42.89373236286075
18053,3.704205746810585
18054,6.963069521098777
18055,16.550974465904257
18056,2.1342174534684757
18058,14.649932869056464
18059,1.3537625554463382
18062,37.1892102075902
18063,0.4726084661664482
18064,37.83504708720828
18065,0.3176029925675265
18066,8.592601520881903
18067,28.05001815034928
18069,11.50347331847573
18070,0.4724301819463294
18071,16.08745176837516
18072,10.378490750729084
18073,15.4438024803308
18074,7.681219401126002
18076,4.427115310476572
18077,3.4857231976916196
18078,10.847199446059077
18079,0.7573934900943922
18080,15.449175598537604
18081,0.14844481169491155
18083,0.9823781582363479
18085,1.1640544333398115
18086,0.7812570314199367
18087,1.2450482784914028
18088,11.934324729432277
18091,8.2189325160048
18092,4.67273941788219
18101,7.3317741186806815
18102,68.6113371605718
18103,69.92580425816504
18104,67.42288416065054
18106,9.651110288981407
18109,24.641579827033734
18195,0.0
18201,43.17659426941158
18202,19.06426281757632
18210,10.99445860521875
18211,1.3957933346794036
18212,0.026198663231078303
18214,2.52449237092444
18216,1.692920088828272
18218,3.117584877768225
18219,1.610465704687523
18220,0.38118340632283315
18221,0.5588403137189653
18222,14.104676894595809
18223,0.1005738619171068
18224,9.290777784816871
18225,0.0
18229,13.210156929464342
18230,0.19954369907400105
18231,0.6681465311366214
18232,5.779945775134479
18234,0.8092415226382962
18235,28.607371226441774
18237,5.083503432135067
18239,0.21551511560516964
18240,5.407837520424712
18241,0.6915355793136796
18242,0.3674527619216803
18244,0.5369124066738933
18245,0.49383127182819214
18246,0.4448983280621265
18248,0.6890979621566345
18249,5.567256322031388
18250,4.305744796652204
18252,15.937299767392481
18254,1.4147859426488694
18255,6.261138663013971
18256,0.28018407702236797
18301,43.528163824957495
18302,25.739631643372686
18321,2.6795516984850107
18322,4.126209778336551
18323,0.11761071254121062
18324,14.007276533300109
18325,4.107055881008787
18326,5.496399360899124
18327,0.8919142628030671
18328,11.140343949982437
18330,13.139140150929968
18331,0.5982003462538178
18332,4.273772166059479
18333,0.0
18334,7.8205753229979775
18335,2.141279455448614
18336,5.360862572925162
18337,22.715031326542835
18340,0.2586957014588166
18342,0.8020825445479227
18343,6.157682521222651
18344,5.070214458614484
18346,3.565089471704705
18347,4.773332630533257
18349,0.11700177987212824
18350,1.0525853949007047
18351,0.674776180975188
18353,17.94614675171037
18354,2.2338645925164147
18355,2.0099251738777
18356,0.12336258195833896
18357,0.11037540342665664
18360,41.306506276570154
18370,1.5462617899403754
18371,1.039520391403541
18372,3.7836576954922867
18403,9.91762402647129
18405,3.4249943052494047
18407,21.136621850605703
18411,32.82880675642418
18413,0.09224174136221117
18414,7.99631328969308
18415,2.286290716569664
18417,1.388364864045713
18419,6.6348913913877645
18420,0.24865369489232023
18421,6.853593222662456
18424,7.675917840104131
18425,1.52455893237803
18426,5.3777554974774215
18428,18.213275112041824
18430,0.1194270595399997
18431,18.516095258620236
18433,10.373825289323053
18434,5.620453590597727
18435,1.5556278967797506
18436,18.7871592293463
18437,0.24939073929920075
18438,1.7032668245822016
18439,0.6616565483521991
18440,0.05988736267060345
18441,0.7210457172629928
18443,0.48591131225882267
18444,20.224114466279463
18445,3.401358499486793
18446,4.997385535584574
18447,15.273731158139823
18451,0.8450726642797729
18452,7.736096558318259
18453,1.7258531949103557
18454,0.13787624933270515
18455,0.1686324884254889
18456,0.34674927384495885
18457,0.1081182569571702
18458,5.20689606876063
18460,0.2462088494458583
18461,0.35109578990579715
18462,0.8089139110030295
18463,0.3955081752183389
18464,2.306752955598628
18465,1.7910630695063094
18466,25.24106841935872
18469,0.5838593976279907
18470,2.8905898859181636
18471,0.7561484812114966
18472,9.007681493515781
18473,0.5767335114210744
18503,1.7761067155611914
18504,29.314466434349473
18505,30.101559604777684
18507,7.9789734588962045
18508,16.345632507850468
18509,20.461660190591125
18510,19.893893310997612
18512,18.739466455201168
18517,8.041217369079346
18518,12.373467574540525
18519,7.615000067945379
18602,0.46506978707327107
18603,28.878716816741086
18610,6.471806205633508
18612,25.722234970320674
18614,2.8478060060717874
18615,2.611164165595675
18616,1.167702670122637
18617,2.251867628113867
18618,5.42216513089706
18619,0.2251146620348479
18621,8.530249363652862
18622,0.22755203023956408
18623,3.3630726198532095
18624,0.6883476777882794
18625,0.2063695664567743
18626,0.8571007917361138
18627,0.0
18628,0.3009176548466873
18629,2.628109475407563
18630,4.0690764247111195
18631,1.415953762881145
18632,0.8807960482454189
18634,19.001640115128097
18635,5.240808005819781
18636,2.25559077168258
18640,23.550949238528958
18641,10.391674728894198
18642,5.726681043330636
18643,18.96454172153429
18644,11.271094792894196
18651,12.761779928404543
18655,8.009813870311886
18656,3.185461671984797
18657,16.0670177854979
18660,4.949038786975532
18661,7.184668171566262
18701,5.753764482745572
18702,60.87045710186213
18704,45.030323764053435
18705,22.362880105353124
18706,23.00912352959306
18707,23.513078743566666
18708,12.5696499198552
18709,4.333874693800755
18801,11.732467190316545
18810,8.326635013863882
18812,2.4113626856249577
18814,0.2577692285546637
18816,0.09515576771226748
18817,0.17046586769940336
18818,1.8328361399095112
18820,0.12809673674426728
18821,1.647768645339491
18822,4.499003026763499
18823,0.2920163146470398
18824,1.7993799281576142
18825,0.2366196840648256
18826,2.2032177548271386
18828,0.3356721550880655
18829,1.0407125411571936
18830,0.7407993357455331
18831,1.522136395965503
18832,2.418331668644801
18833,3.112228163454837
18834,4.76496624934374
18837,3.820739103325736
18840,15.318751504276179
18842,0.2175290780187022
18843,0.30413165170865647
18844,2.5099845276324833
18845,0.7442147549187669
18846,0.9162485080572335
18847,7.14330151760864
18848,12.55797208401845
18850,2.9458027068881414
18851,0.871475323790231
18853,5.788710531789745
18854,2.2863823592434485
18901,40.044281797044604
18902,31.046900036205994
18912,0.2995194215967406
18913,0.3065491015847531
18914,31.06344724530612
18915,1.769365738824
18917,3.1965102779409746
18920,0.40451404618762193
18921,0.29295865961584333
18923,1.9418676705338287
18925,8.79597277109849
18927,0.5996947502355545
18929,13.846716832497732
18930,3.5988359622311146
18932,0.3686232301846026
18933,0.15572295675722508
18935,0.5798058132509493
18936,0.3113566411014867
18938,21.260751630128986
18940,42.647722757411486
18942,3.908986546786978
18944,39.48006445163722
18946,0.8433404304894156
18947,9.421163585962399
18950,0.09881272012627973
18951,51.9528627384239
18954,14.538928408816371
18955,2.177920990495648
18960,17.3221202764131
18962,0.4561494516521541
18964,19.888058987677923
18966,53.81280976675179
18969,22.821468399956622
18970,1.0188671608318056
18972,4.927728147108378
18974,63.37473552088174
18976,31.99836444385867
18977,6.675269471415291
18980,0.30197859721960496
19001,24.83432038162415
19002,44.094718014928425
19003,21.050770387378538
19004,13.259229275006387
19006,34.04848743169314
19007,32.329147684714066
19008,28.92067987215886
19009,1.6683730674744248
19010,31.580879553692355
19012,9.889529308311959
19013,47.6853673625101
19014,31.299352177700122
19015,23.261130435177606
19017,0.4013527360218939
19018,34.305170759218086
19020,84.05025305900888
19021,14.047616009773531
19022,5.628227564869909
19023,31.27323423410402
19025,9.013663181738986
19026,45.522454853936864
19027,28.318744534850758
19029,5.802520844798563
19030,18.704708224019694
19031,7.060447577272194
19032,9.28305921829854
19033,10.98201890120406
19034,9.709741356893188
19035,5.420479375187894
19036,19.052284241013243
19038,46.96753933894485
19040,31.376659548738644
19041,9.999317163566069
19043,3.9229605203125177
19044,23.74558189267534
19046,27.051179060617393
19047,50.33404376220862
19050,43.15402981541023
19052,1.0679001887325223
19053,41.59276518143826
19054,25.534590284386233
19055,19.609380140683648
19056,23.083357270638317
19057,26.193947689905812
19060,16.009567547779298
19061,29.043622210984545
19063,56.07705205362733
19064,35.45032918341504
19066,7.469664160761289
19067,75.01852396712648
19070,9.964860172510134
19072,14.85750191831925
19073,29.46698012559269
19074,8.803412651235567
19075,10.934500002004345
19076,9.346310315272213
19078,16.792324357736483
19079,13.007476123988237
19081,15.415438047484667
19082,61.21805913870795
19083,51.51405208864857
19085,15.370047073227738
19086,18.004833425445703
19087,47.478955125908385
19090,28.74500512521173
19094,6.517326288180973
19095,11.49324163285159
19096,20.67422177565063
19102,8.930103565930164
19103,42.9886401616899
19104,80.32305908960302
19106,23.181996002746068
19107,25.563945782502813
19108,0.12133043066294973
19109,0.0
19111,96.58404911482667
19112,0.0
19113,0.0
19114,47.16521814600177
19115,52.736658719462724
19116,49.121645318185536
19118,16.582926069702832
19119,43.771985155232365
19120,99.70005913774513
19121,50.85142964981162
19122,33.45237324085686
19123,28.840340907638307
19124,94.33777970457741
19125,38.48027643243756
19126,26.66202745127244
19127,9.052579032847847
19128,60.860201667383315
19129,17.714773368872
19130,48.24116573497193
19131,65.17243898096248
19132,48.27766101862146
19133,38.12931533638984
19134,81.27383462176265
19135,48.71370984333716
19136,50.84402450464937
19137,11.864052479869574
19138,47.36106825190775
19139,65.88040361894745
19140,76.64676260916269
19141,49.98466911128327
19142,41.471037048988165
19143,94.34982583302802
19144,68.6089588002474
19145,67.33530867137935
19146,62.02789986147751
19147,60.52595011374257
19148,73.41429234912799
19149,80.67647670168814
19150,34.49527494549822
19151,45.02025299546536
19152,50.647902007247225
19153,19.74592725810927
19154,49.25152408646858
19301,10.832635598075816
19310,3.9264779134975796
19311,14.643400704243057
19312,16.658172514796778
19316,0.03150987124593845
19317,15.465048798960671
19319,0.5851393590537485
19320,78.67188889189501
19330,7.587860815943777
19333,10.859754754380978
19335,72.96603195155382
19341,27.95858100087954
19342,30.44725306437951
19343,10.957455683978312
19344,17.108539751675302
19345,1.2481831609938776
19348,32.8918815794144
19350,15.216994576462618
19352,15.723166669494557
19355,39.9883097827381
19358,0.502382964546731
19362,7.853356384689894
19363,23.363614978285536
19365,10.597338976267128
19367,0.09994920798374149
19369,0.11751741069636018
19372,3.5826652708949718
19373,2.709318486475499
19374,1.0346019466395657
19375,0.2267536276119665
19380,74.44438065600595
19382,76.1754743747366
19383,7.620981411970154
19390,18.433952804008108
19401,60.925317055536766
19403,66.24820943353475
19405,6.852982827461737
19406,41.82329817946547
19422,28.14327025476193
19425,23.028883489794744
19426,59.734174975568045
19428,31.37380409027927
19435,0.1783483199757417
19436,1.1002748746461863
19437,1.9064467558314986
19438,35.669225199742286
19440,29.112224096817073
19442,0.0
19444,16.31731892247079
19446,88.04098017409515
19453,2.2391874908570126
19454,40.548824569982386
19456,0.24109137895363544
19457,0.14906880392698887
19460,61.793478321631866
19462,22.709720126387545
19464,68.74080971177801
19465,26.676617329103163
19468,39.38303840435331
19472,0.1207825904211525
19473,24.195158245957828
19474,0.5802685603868323
19475,15.709156368293531
19477,0.06733150463329032
19490,0.3642720692336675
19492,1.0234533081701802
19501,1.6187914950320987
19503,1.639966392173164
19504,7.405386250971187
19505,5.009103069197598
19506,9.754448016370763
19507,4.967980470266469
19508,21.563436240303798
19510,12.10180372986756
19511,0.22078072254023764
19512,24.495986497552845
19516,0.2523874863658342
19518,22.687627012299842
19520,9.499074746757255
19522,20.578774644498687
19523,0.0
19525,22.59957979280471
19526,16.31168138576843
19529,4.962445108167338
19530,23.481773945276874
19533,11.11583662542252
19534,2.5475876945011735
19535,0.08121177457937312
19536,0.8158845080267114
19538,0.1377798294998583
19539,5.9026395069016395
19540,16.122205851268713
19541,6.617915006418976
19543,8.191332333536879
19544,0.2169672112146339
19545,1.0566401035970743
19547,6.317310127388322
19549,0.4913440849336356
19550,0.8126831043875923
19551,6.623446080676539
19554,0.6551644474900159
19555,5.008477508141378
19559,0.4098086245689544
19560,13.240869420405454
19562,4.248677110046298
19564,0.2662964754684145
19565,11.8563575267052
19567,7.990402987465196
19601,47.49153732297169
19602,24.06638024813132
19604,41.35275498224736
19605,29.773660124422296
19606,51.96056164788001
19607,34.54803974484558
19608,34.003619740741705
19609,15.267786401921832
19610,23.700051436779226
19611,15.536770604839866
