ZIP Code,success_score,Employment Status - Population 16 years and over,Employment Status - Population 16 years and over - In labor force,Employment Status - Population 16 years and over - In labor force - Civilian labor force,Employment Status - Population 16 years and over - In labor force - Civilian labor force - Employed,Employment Status - Population 16 years and over - In labor force - Civilian labor force - Unemployed,Employment Status - Population 16 years and over - In labor force - Armed Forces,Employment Status - Population 16 years and over - Not in labor force,Employment Status - Civilian labor force,Employment Status - Females 16 years and over,Employment Status - Females 16 years and over - In labor force,Employment Status - Females 16 years and over - In labor force - Civilian labor force,Employment Status - Females 16 years and over - In labor force - Civilian labor force - Employed,Employment Status - Own children of the householder under 6 years,Employment Status - Own children of the householder under 6 years - All parents in family in labor force,Employment Status - Own children of the householder 6 to 17 years,Employment Status - Own children of the householder 6 to 17 years - All parents in family in labor force,Commuting to Work - Workers 16 years and over,"Commuting to Work - Workers 16 years and over - Car, truck, or van -- drove alone","Commuting to Work - Workers 16 years and over - Car, truck, or van -- carpooled",Commuting to Work - Workers 16 years and over - Public transportation (excluding taxicab),Commuting to Work - Workers 16 years and over - Walked,Commuting to Work - Workers 16 years and over - Other means,Commuting to Work - Workers 16 years and over - Worked from home,Commuting to Work - Workers 16 years and over - Mean travel time to work (minutes),Occupation - Civilian employed population 16 years and over,"Occupation - Civilian employed population 16 years and over - Management, business, science, and arts occupations",Occupation - Civilian employed population 16 years and over - Service occupations,Occupation - Civilian employed population 16 years and over - Sales and office occupations,"Occupation - Civilian employed population 16 years and over - Natural resources, construction, and maintenance occupations","Occupation - Civilian employed population 16 years and over - Production, transportation, and material moving occupations",Industry - Civilian employed population 16 years and over,"Industry - Civilian employed population 16 years and over - Agriculture, forestry, fishing and hunting, and mining",Industry - Civilian employed population 16 years and over - Construction,Industry - Civilian employed population 16 years and over - Manufacturing,Industry - Civilian employed population 16 years and over - Wholesale trade,Industry - Civilian employed population 16 years and over - Retail trade,"Industry - Civilian employed population 16 years and over - Transportation and warehousing, and utilities",Industry - Civilian employed population 16 years and over - Information,"Industry - Civilian employed population 16 years and over - Finance and insurance, and real estate and rental and leasing","Industry - Civilian employed population 16 years and over - Professional, scientific, and management, and administrative and waste management services","Industry - Civilian employed population 16 years and over - Educational services, and health care and social assistance","Industry - Civilian employed population 16 years and over - Arts, entertainment, and recreation, and accommodation and food services","Industry - Civilian employed population 16 years and over - Other services, except public administration",Industry - Civilian employed population 16 years and over - Public administration,CLass of worker - Civilian employed population 16 years and over,CLass of worker - Civilian employed population 16 years and over - Private wage and salary workers,CLass of worker - Civilian employed population 16 years and over - Government workers,CLass of worker - Civilian employed population 16 years and over - Self-employed in own not incorporated business workers,CLass of worker - Civilian employed population 16 years and over - Unpaid family workers,Income and benefits - Total households,"Income and benefits - Total households - Less than $10,000","Income and benefits - Total households - $10,000 to $14,999","Income and benefits - Total households - $15,000 to $24,999","Income and benefits - Total households - $25,000 to $34,999","Income and benefits - Total households - $35,000 to $49,999","Income and benefits - Total households - $50,000 to $74,999","Income and benefits - Total households - $75,000 to $99,999","Income and benefits - Total households - $100,000 to $149,999","Income and benefits - Total households - $150,000 to $199,999","Income and benefits - Total households - $200,000 or more",Income and benefits - Total households - Median household income (dollars),Income and benefits - Total households - Mean household income (dollars),Income and benefits - Total households - With earnings,Income and benefits - Total households - With earnings - Mean earnings (dollars),Income and benefits - Total households - With Social Security,Income and benefits - Total households - With Social Security - Mean Social Security income (dollars),Income and benefits - Total households - With retirement income,Income and benefits - Total households - With retirement income - Mean retirement income (dollars),Income and benefits - Total households - With Supplemental Security Income,Income and benefits - Total households - With Supplemental Security Income - Mean Supplemental Security Income (dollars),Income and benefits - Total households - With cash public assistance income,Income and benefits - Total households - With cash public assistance income - Mean cash public assistance income (dollars),Income and benefits - Total households - With Food Stamp/SNAP benefits in the past 12 months,Income and benefits - Families,"Income and benefits - Families - Less than $10,000","Income and benefits - Families - $10,000 to $14,999","Income and benefits - Families - $15,000 to $24,999","Income and benefits - Families - $25,000 to $34,999","Income and benefits - Families - $35,000 to $49,999","Income and benefits - Families - $50,000 to $74,999","Income and benefits - Families - $75,000 to $99,999","Income and benefits - Families - $100,000 to $149,999","Income and benefits - Families - $150,000 to $199,999","Income and benefits - Families - $200,000 or more",Income and benefits - Families - Median family income (dollars),Income and benefits - Families - Mean family income (dollars),Income and benefits - Per capita income (dollars),Income and benefits - Nonfamily households,Income and benefits - Nonfamily households - Median nonfamily income (dollars),Income and benefits - Nonfamily households - Mean nonfamily income (dollars),Income and benefits - Median earnings for workers (dollars),"Income and benefits - Median earnings for male full-time, year-round workers (dollars)","Income and benefits - Median earnings for female full-time, year-round workers (dollars)",Health Insurance Coverage - Civilian noninstitutionalized population,Health Insurance Coverage - Civilian noninstitutionalized population - With health insurance coverage,Health Insurance Coverage - Civilian noninstitutionalized population - With health insurance coverage - With private health insurance,Health Insurance Coverage - Civilian noninstitutionalized population - With health insurance coverage - With public coverage,Health Insurance Coverage - Civilian noninstitutionalized population - No health insurance coverage,Health Insurance Coverage - Civilian noninstitutionalized population under 19 years,Health Insurance Coverage - Civilian noninstitutionalized population under 19 years - No health insurance coverage,Health Insurance Coverage - Civilian noninstitutionalized population 19 to 64 years,Health Insurance Coverage - Civilian noninstitutionalized population 19 to 64 years - In labor force,Health Insurance Coverage - Civilian noninstitutionalized population 19 to 64 years - In labor force - Employed,Health Insurance Coverage - Civilian noninstitutionalized population 19 to 64 years - In labor force - Employed - With health insurance coverage,Health Insurance Coverage - Civilian noninstitutionalized population 19 to 64 years - In labor force - Employed - With health insurance coverage - With private health insurance,Health Insurance Coverage - Civilian noninstitutionalized population 19 to 64 years - In labor force - Employed - With health insurance coverage - With public coverage,Health Insurance Coverage - Civilian noninstitutionalized population 19 to 64 years - In labor force - Employed - No health insurance coverage,Health Insurance Coverage - Civilian noninstitutionalized population 19 to 64 years - In labor force - Unemployed,Health Insurance Coverage - Civilian noninstitutionalized population 19 to 64 years - In labor force - Unemployed - With health insurance coverage,Health Insurance Coverage - Civilian noninstitutionalized population 19 to 64 years - In labor force - Unemployed - With health insurance coverage - With private health insurance,Health Insurance Coverage - Civilian noninstitutionalized population 19 to 64 years - In labor force - Unemployed - With health insurance coverage - With public coverage,Health Insurance Coverage - Civilian noninstitutionalized population 19 to 64 years - In labor force - Unemployed - No health insurance coverage,Health Insurance Coverage - Civilian noninstitutionalized population 19 to 64 years - Not in labor force,Health Insurance Coverage - Civilian noninstitutionalized population 19 to 64 years - Not in labor force - With health insurance coverage,Health Insurance Coverage - Civilian noninstitutionalized population 19 to 64 years - Not in labor force - With health insurance coverage - With private health insurance,Health Insurance Coverage - Civilian noninstitutionalized population 19 to 64 years - Not in labor force - With health insurance coverage - With public coverage,Health Insurance Coverage - Civilian noninstitutionalized population 19 to 64 years - Not in labor force - No health insurance coverage
18054,2.007058823529412,3852,2728,2728,2640,88,0,1124,2728,1881,1232,1232,1193,179,105,1162,877,2637,2208,70,5,55,0,299,25.8,2640,1371,431,416,282,140,2640,5,350,312,73,284,59,18,180,190,802,175,98,94,2640,2246,232,162,0,1701,28,43,78,100,144,215,168,365,202,358,104442,129642,1397,132940,510,27231,424,24518,15,N,25,N,60,1333,4,0,39,34,137,113,128,344,197,337,124238,143403,43823,368,"",72089,44355,78000,56667,5137,4715,4120,1135,422,1408,206,3004,2523,2435,2322,2247,123,113,88,69,59,10,19,481,397,300,108,84
18073,2.003529411764706,8773,6289,6274,6082,192,15,2484,6274,4291,2767,2767,2682,799,590,1538,1202,6062,4796,486,6,60,18,696,30.5,6082,2229,692,1387,720,1054,6082,64,683,1122,122,663,342,160,359,714,1134,392,204,123,6082,5142,491,449,0,4080,118,59,73,192,460,491,723,1031,533,400,96855,111731,3354,111882,1210,25578,978,28670,114,9732,60,1335,74,3080,54,24,38,68,267,302,517,998,475,337,110408,124929,42381,1000,58846,66814,47186,66417,58438,10766,10561,9360,2784,205,2573,0,6362,5567,5396,5248,5088,211,148,171,146,125,21,25,795,763,565,241,32
18074,2.005294117647059,4393,3255,3255,3152,103,0,1138,3255,2111,1375,1375,1328,316,250,747,663,3070,2434,114,34,10,54,424,30.3,3152,1475,476,574,208,419,3152,0,354,341,30,174,192,0,444,571,678,186,144,38,3152,2750,119,273,10,2155,25,24,91,112,157,229,366,533,228,390,103265,137969,1738,148069,655,30041,584,21639,35,9523,17,N,68,1584,25,5,74,20,108,132,296,506,200,218,106204,130574,56154,571,80375,150628,57332,74676,59459,5375,5096,4704,1219,279,1205,8,3171,2750,2647,2494,2465,40,153,103,73,52,21,30,421,333,250,95,88
18076,2.007058823529412,2553,1715,1715,1643,72,0,838,1715,1274,809,809,793,128,86,496,415,1624,1203,148,1,43,4,225,27.5,1643,642,176,347,193,285,1643,1,190,380,55,150,76,39,133,178,277,59,75,30,1643,1426,120,97,0,1264,24,70,116,108,115,149,143,374,78,87,81563,87809,987,93422,496,22819,225,15380,24,15304,18,2294,96,773,9,13,5,16,59,108,123,281,78,81,109042,111612,36468,491,33432,45422,41504,59167,53883,3067,2929,2462,1018,138,668,44,1737,1520,1453,1385,1342,96,68,67,63,46,17,4,217,195,169,68,22
18901,2.026117647058824,23411,13880,13866,13497,369,14,9531,13866,11610,6414,6414,6199,1320,1178,4150,2782,13255,9438,624,111,482,100,2500,27.2,13497,7501,1973,2738,582,703,13497,65,754,1315,433,1238,305,694,1228,2133,3229,1359,381,363,13497,11307,1314,855,21,10681,401,210,594,662,790,1114,1192,1855,1444,2419,107988,140564,7938,148827,3964,23862,2956,35285,226,9609,127,3669,397,6892,57,25,151,212,287,558,710,1374,1261,2257,155096,178828,54739,3789,47039,68787,47059,101142,66250,26444,25976,22485,7637,468,6091,21,14717,12223,12010,11700,11228,710,310,213,180,128,59,33,2494,2391,2092,477,103
18902,2.010729411764706,17665,11938,11915,11489,426,23,5727,11915,8704,5116,5116,4855,969,638,4333,2789,11317,8188,465,154,121,118,2271,34.6,11489,6871,985,2615,320,698,11489,45,484,1710,551,1025,461,288,1128,2194,2487,704,148,264,11489,9997,892,588,12,7892,153,60,205,447,385,588,847,1368,1113,2726,145917,198025,6694,191359,2037,27957,1618,53147,119,12208,86,4722,220,6308,104,13,155,165,261,296,655,1210,936,2513,167500,215925,74293,1584,68611,118600,72241,109700,78790,22262,21864,19808,4713,398,5900,72,12988,10567,10183,9965,9768,255,218,384,377,364,22,7,2421,2320,2054,350,101
18912,2.012141176470588,160,53,53,53,0,0,107,53,107,8,8,8,28,28,0,0,53,53,0,0,0,0,0,N,53,45,0,0,8,0,53,0,35,10,0,0,0,0,0,0,8,0,0,0,53,18,0,35,0,107,0,0,27,0,0,0,0,8,8,64,250000,242080,53,80375,70,24096,70,280046,0,"",0,"",0,53,0,0,27,0,0,0,0,8,8,10,-,106925,137705,54,"",N,-,-,-,188,161,133,106,27,28,0,82,45,45,18,18,0,27,0,0,0,0,0,37,37,37,0,0
18914,2.0074117647058825,17456,13201,13201,12441,760,0,4255,13201,9115,6459,6459,6038,1170,920,3289,2503,12237,9059,757,324,69,62,1966,29.4,12441,6974,1489,2526,641,811,12441,20,462,1759,309,1293,326,235,1017,1856,3379,921,454,410,12441,10412,1347,682,0,7757,150,62,141,544,309,778,887,1742,1313,1831,124443,144792,6735,144244,2025,24866,1675,34559,163,14953,129,1784,263,6120,84,9,10,307,165,506,632,1493,1266,1648,146483,160442,53764,1637,63924,82412,56792,92476,69089,21278,20913,18549,4956,365,4933,49,13351,11652,11147,10909,10406,649,238,505,469,345,124,36,1699,1657,1457,357,42
18915,2.0434823529411767,980,601,601,566,35,0,379,601,515,322,322,310,30,0,299,261,564,442,0,0,12,17,93,33.4,566,333,81,93,23,36,566,0,9,116,9,54,2,15,0,49,202,10,66,34,566,440,89,37,0,464,26,0,18,12,50,55,25,96,42,140,123452,140491,426,136152,76,31599,100,29459,42,13238,17,N,25,315,0,0,0,12,21,45,15,76,42,104,129028,156940,51884,149,"",103903,60250,83438,65833,1268,1222,1035,369,46,372,0,758,571,536,524,507,52,12,35,35,35,0,0,187,153,103,50,34
18917,2.027105882352941,1770,1342,1336,1252,84,6,428,1336,890,684,684,640,143,82,349,274,1242,1087,38,0,5,6,106,25.4,1252,572,154,290,104,132,1252,0,94,145,38,103,15,7,157,99,390,89,83,32,1252,1059,123,52,18,969,10,28,53,58,147,123,140,267,73,70,83125,95270,828,89646,277,21516,187,54983,23,9874,21,N,61,516,5,4,0,29,55,67,116,102,73,65,97750,113012,42833,453,55875,74338,47457,53125,62721,2216,2099,1656,736,117,505,0,1419,1239,1168,1087,1030,104,81,71,64,48,37,7,180,151,100,62,29
18929,2.0190941176470587,7644,5580,5580,5398,182,0,2064,5580,4001,2643,2643,2568,1037,753,1327,1082,5330,4060,134,108,0,0,1028,33.3,5398,3523,382,925,351,217,5398,17,244,469,273,465,119,162,591,747,1792,131,142,246,5398,4647,592,159,0,3352,31,18,34,100,110,372,350,506,625,1206,154826,180580,2830,183169,732,28751,646,47101,59,5297,39,2864,36,2743,11,18,16,59,89,296,172,342,610,1130,165550,193003,62834,609,91997,120718,78884,99792,90963,9718,9701,9026,1910,17,2520,0,6082,5178,5032,5032,4979,206,0,146,129,111,18,17,904,904,780,215,0
18938,2.025764705882353,12456,7143,7143,6877,266,0,5313,7143,6120,2925,2925,2797,391,313,1601,1118,6836,4552,230,143,196,42,1673,35.4,6877,4234,634,1209,262,538,6877,61,322,974,87,519,299,141,579,1366,1629,395,338,167,6877,5734,425,706,12,6380,131,89,333,429,336,654,550,844,805,2209,133320,204118,4554,209314,2863,26649,1943,51420,110,20630,92,1786,92,4237,43,6,60,157,222,371,360,651,643,1724,168860,236874,92057,2143,69591,134209,70091,111844,87353,14115,13902,12473,4897,213,2211,9,7524,6047,5797,5649,5551,244,148,250,241,225,16,9,1477,1442,1372,146,35
18940,2.037058823529412,24018,16567,16567,15779,788,0,7451,16567,12335,7629,7629,7304,1924,1454,4496,3547,15524,11481,723,415,205,157,2543,33.9,15779,10181,1494,3004,483,617,15779,48,805,2246,575,1491,283,236,1657,2837,4038,673,453,437,15779,13367,1442,946,24,11527,200,80,415,342,450,1155,1204,2093,1750,3838,145141,194039,9628,198821,3254,27318,2363,40948,265,9863,78,1340,146,8559,83,16,86,95,302,493,828,1676,1502,3478,169302,219705,76175,2968,68415,115549,74309,107158,81466,29515,29248,26803,6225,267,6677,43,17461,14757,14033,13873,13731,241,160,724,724,670,54,0,2704,2640,2505,326,64
18944,2.0048000000000004,22406,16432,16428,15721,707,4,5974,16428,11111,7758,7758,7395,1234,827,4091,2974,15392,12572,481,155,253,61,1870,31.5,15721,6817,2012,3480,1439,1973,15721,91,1343,2284,554,1667,619,140,1216,1674,3902,975,735,521,15721,12964,1828,899,30,9845,199,167,336,358,785,1153,1219,2402,1301,1925,112205,132878,8540,128163,2919,25112,2173,31278,274,11823,136,8175,394,7501,45,19,111,176,343,855,922,1981,1239,1810,130354,150219,48913,2344,49583,72840,52047,75408,55757,27072,26235,23708,6108,837,5693,46,17246,14715,14128,13671,13232,631,457,587,515,425,90,72,2531,2270,2007,544,261
18947,2.0030705882352944,5507,3568,3568,3449,119,0,1939,3568,2619,1610,1610,1510,28,28,878,625,3413,2667,12,0,19,44,671,28.5,3449,1684,607,535,189,434,3449,13,188,382,88,411,53,197,133,616,680,350,187,151,3449,2830,373,246,0,2398,0,53,86,193,127,295,185,645,209,605,120680,155099,1799,146038,787,29214,533,37210,74,9804,52,1277,28,1795,0,0,0,162,71,168,135,514,163,582,128819,178183,59768,603,65651,83676,45588,84107,55547,6190,5771,5208,1396,419,1002,0,3925,3216,3119,2917,2897,20,202,97,86,75,11,11,709,623,602,163,86
18954,2.013764705882353,8424,5151,5146,5016,130,5,3273,5146,4218,2260,2260,2202,479,337,1476,1097,4970,3748,186,120,40,23,853,31.4,5016,3307,402,836,243,228,5016,8,251,477,196,508,122,61,429,868,1519,246,150,181,5016,4024,767,225,0,3598,86,11,42,54,233,270,157,1197,352,1196,137011,195948,3079,183777,1304,36774,1102,50723,66,9076,51,5167,40,3212,39,0,8,23,139,219,165,1108,344,1167,144750,209765,72098,386,46276,73518,69193,114167,83050,9995,9910,9173,2505,85,2289,25,5536,4376,4257,4225,4203,60,32,119,119,80,39,0,1160,1132,1014,158,28
18960,2.0060352941176474,9962,6697,6675,6475,200,22,3265,6675,4858,2920,2920,2818,551,346,1727,1319,6448,5294,256,43,142,0,713,26.9,6475,2795,817,1397,699,767,6475,20,756,1135,138,715,126,207,281,870,1342,491,210,184,6475,5237,630,597,11,4729,145,87,154,310,537,717,634,1102,434,609,91549,109880,3743,110218,1710,26308,1393,31093,178,15283,67,2752,179,3341,0,21,69,104,217,446,513,928,434,609,110289,134100,44094,1388,39257,47674,46336,64100,54371,11822,11266,9949,3530,556,2333,27,6980,5847,5696,5318,5173,226,378,151,99,82,17,52,1133,1044,759,373,89
18964,1.0144705882352942,11128,7724,7724,7413,311,0,3404,7724,5848,3682,3682,3594,1175,836,2018,1528,7262,5582,650,65,115,8,842,26.5,7413,2924,1034,1478,861,1116,7413,47,584,1438,230,762,319,136,424,927,1617,360,396,173,7413,6522,611,275,5,5200,150,148,273,346,527,856,698,1008,666,528,84115,107449,4089,114501,1666,23979,1100,22439,100,13797,44,4784,348,3772,57,59,84,177,259,540,607,841,622,526,104714,126416,40093,1428,46033,50898,45074,70247,53682,13924,13435,11346,3760,489,3571,6,8023,6922,6642,6258,6014,302,384,280,250,205,53,30,1101,1048,789,353,53
18966,2.0127058823529413,30537,20135,20135,19150,985,0,10402,20135,15666,9652,9652,9073,2101,1628,4784,3880,18896,15160,936,623,66,120,1991,32.2,19150,10149,2034,4178,1335,1454,19150,27,1320,1955,510,1638,980,243,1784,2623,5347,1015,1031,677,19150,16151,1840,1128,31,14215,499,260,758,705,958,1785,1934,2692,1910,2714,103234,128003,10725,134540,5611,24757,4258,34482,414,13371,184,4431,412,9990,127,11,110,293,603,1065,1269,2285,1707,2520,128075,153308,50662,4225,51899,66252,54451,81656,62807,36485,35230,30704,11066,1255,7368,265,20565,17501,16679,16117,15491,828,562,822,647,539,169,175,3064,2835,2280,811,229
18969,2.008894117647059,12602,8956,8956,8611,345,0,3646,8956,6714,4316,4316,4091,1042,726,1987,1541,8508,6705,349,373,66,28,987,26.9,8611,3686,1267,1843,749,1066,8611,43,607,1310,275,778,378,180,543,1064,2066,574,604,189,8611,7648,612,351,0,6250,172,163,320,371,553,1224,697,1443,626,681,85748,110428,5069,115257,2022,23223,1187,26297,195,12239,54,3413,419,4133,71,27,70,221,195,526,523,1246,602,652,119568,137160,44687,2117,51101,56004,52392,67792,63691,15437,14674,12428,4509,763,3348,165,9094,7693,7453,6977,6599,486,476,240,240,147,93,0,1401,1279,1113,392,122
18974,2.024,35624,22762,22725,21974,751,37,12862,22725,18964,10954,10954,10642,2044,1473,5506,4642,21637,17547,1016,615,323,82,2054,28.2,21974,9628,3208,5218,1643,2277,21974,57,1337,2598,648,2523,860,368,1688,2989,5644,1940,706,616,21974,19262,1830,868,14,17264,480,355,874,993,1967,2629,2855,3224,1973,1914,87130,105554,12345,110990,7218,25319,5333,30335,520,13794,199,2321,937,11701,145,148,186,213,1181,1609,1958,2717,1782,1762,107949,126038,43363,5563,49472,59824,47662,69252,52652,42031,40439,34140,14268,1592,8140,316,23462,20509,19911,18819,18045,1013,1092,598,545,365,180,53,2953,2822,2295,891,131
18976,2.0324705882352943,17882,11532,11508,11054,454,24,6350,11508,9467,5418,5411,5083,1250,885,3644,2829,10881,8497,564,387,120,135,1178,32.6,11054,6168,1034,2453,698,701,11054,6,748,1291,234,926,370,319,1059,1569,3012,788,340,392,11054,9539,987,513,15,8178,147,179,517,302,529,1131,822,1569,1144,1838,112035,145146,6471,148894,2816,26290,2249,43262,145,13884,99,3386,189,6197,108,101,50,136,244,810,654,1222,1070,1802,143536,171192,53648,1981,44640,60837,59288,85447,72179,21825,20761,18203,5770,1064,5260,111,12299,10311,9894,9406,8995,533,488,417,206,143,63,211,1988,1735,1461,345,253
18977,2.0169411764705885,3926,2518,2518,2404,114,0,1408,2518,1892,1129,1129,1045,184,73,644,462,2369,1456,95,90,0,88,640,34.6,2404,1459,140,553,160,92,2404,0,216,226,15,82,14,52,299,558,633,233,33,43,2404,1851,135,418,0,1758,0,21,18,85,30,94,147,314,246,803,194477,226035,1443,211705,618,30364,479,74057,7,N,0,"",15,1521,0,0,0,54,15,84,65,284,303,716,197250,241645,87484,237,82969,89351,82238,137986,87880,4595,4405,4110,1083,190,994,101,2423,1971,1870,1781,1781,0,89,101,101,84,17,0,452,452,452,57,0
19001,2.0098823529411765,13647,9852,9832,9251,581,20,3795,9832,7383,5053,5053,4824,1574,1122,2871,2455,9007,6393,715,510,114,39,1236,28.9,9251,4883,1312,1766,671,619,9251,9,499,662,133,828,405,197,977,1268,2699,674,569,331,9251,7654,1198,399,0,6407,449,110,199,304,680,763,797,1629,903,573,94484,104700,5273,107331,1690,23481,1630,24283,213,10881,77,2935,406,4708,36,53,103,178,396,459,692,1418,867,506,111111,120460,38974,1699,41925,56594,49849,67083,58882,17507,16456,14136,4260,1051,4819,155,10139,8775,8267,7831,7521,407,436,508,275,225,69,233,1364,1137,835,484,227
19002,2.020823529411765,24827,17366,17366,16580,786,0,7461,17366,12747,8159,8159,7709,1905,1642,5007,3974,15940,11589,819,531,374,257,2370,28.2,16580,9864,1552,3275,788,1101,16580,11,826,1746,503,1540,332,527,1725,2865,3832,1436,819,418,16580,14274,1259,1037,10,11486,299,110,383,599,693,1476,1212,1700,1441,3573,124478,170975,9518,172007,3384,25608,2326,35063,389,11406,228,2205,310,8234,80,22,137,216,210,821,788,1429,1289,3242,167083,205461,64621,3252,54435,80872,58582,94954,76022,30538,29508,26656,7498,1030,7386,165,17877,15333,14620,13966,13555,626,654,713,684,550,191,29,2544,2407,2075,490,137
19003,2.015176470588236,11436,8205,8205,7800,405,0,3231,8205,6427,4608,4608,4465,1047,774,1826,1475,7685,4646,330,718,370,141,1480,27.5,7800,5291,587,1533,142,247,7800,21,191,309,114,753,156,156,850,1700,2495,520,391,144,7800,6930,566,304,0,5985,257,92,272,280,507,606,627,1351,694,1299,108655,144992,5208,141872,1548,23864,1041,41149,73,10119,119,5600,197,3541,44,0,96,112,151,275,338,847,530,1148,145919,187514,62490,2444,61667,81552,58683,106932,69167,14146,13866,12428,3309,280,3089,21,8830,7235,6960,6802,6567,396,158,275,265,227,49,10,1595,1504,1240,330,91
19004,2.031764705882353,7299,4772,4768,4554,214,4,2527,4768,3837,2227,2227,2051,885,728,1905,1631,4467,2457,298,410,117,19,1166,29.9,4554,3172,584,581,123,94,4554,0,70,258,107,185,91,144,468,1022,1445,500,118,146,4554,3615,352,587,0,3971,158,120,196,160,189,377,474,694,406,1197,127482,190881,2987,183988,1420,26616,834,70797,98,8371,97,3522,148,2707,30,72,134,111,94,133,298,389,345,1101,165104,232437,76758,1264,75833,95336,71484,121000,90438,9938,9767,8060,3368,171,2921,22,4757,4015,3811,3719,3612,143,92,204,204,150,68,0,742,685,531,205,57
19006,2.0127058823529413,19288,12015,12015,11216,799,0,7273,12015,10237,5884,5884,5470,1308,1130,3464,2977,11023,8033,681,422,59,162,1666,34.2,11216,6573,1259,1803,878,703,11216,60,999,1056,354,915,336,167,948,1541,3341,583,485,431,11216,9201,1235,724,56,8472,567,140,407,391,657,999,757,1522,1072,1960,110430,144839,6246,157371,3225,23238,2089,41473,294,12424,134,7271,497,6347,84,27,124,178,488,805,589,1340,864,1848,134078,169496,53632,2125,33883,66699,53099,86106,64149,22946,21960,18915,6552,986,5244,216,12852,10795,10090,9586,9379,429,504,705,478,398,89,227,2057,2032,1568,533,25
19007,2.0072,17930,12433,12391,11830,561,42,5497,12391,9174,6166,6166,5843,1637,1374,2992,2374,11587,8844,1138,218,261,221,905,27.1,11830,3495,2555,2420,1046,2314,11830,10,690,1243,619,1414,786,162,504,1042,3470,1142,426,322,11830,10674,788,357,11,8963,318,269,661,885,1295,1919,1024,1467,650,475,61979,82422,7288,79433,2955,20127,1931,31393,594,9425,215,3760,1243,5442,135,102,178,329,835,1212,732,1105,511,303,71986,90900,33746,3521,42675,63645,38055,49757,44622,22064,20104,14723,8141,1960,5028,356,13685,11426,10955,9790,9041,1079,1165,471,369,160,229,102,2259,1936,837,1279,323
19008,2.0090352941176475,16419,10665,10665,10355,310,0,5754,10665,8146,4832,4832,4675,1532,1200,2888,2278,10208,7750,694,279,73,73,1339,27.2,10355,5805,1047,2026,749,728,10355,0,702,875,117,1137,369,250,1048,1406,3012,630,529,280,10355,8734,1072,505,44,7006,116,75,343,263,414,808,804,1507,1009,1667,117039,153467,5809,147990,2493,25801,2235,34358,285,14689,142,11046,358,5598,57,20,46,132,436,640,465,1276,916,1610,135797,171392,53396,1408,58281,76695,54174,77936,68359,20130,19668,17602,5511,462,4896,44,11195,9403,9205,8940,8780,337,265,198,180,156,24,18,1792,1657,1277,483,135
19009,2.002823529411765,958,550,550,526,24,0,408,550,526,278,278,263,25,4,145,121,523,317,20,50,57,19,60,17.6,526,297,94,95,10,30,526,8,15,17,7,25,5,9,44,78,176,67,64,11,526,474,19,27,6,355,9,0,17,23,19,65,25,57,59,81,116528,160061,262,108959,178,27058,113,28454,12,13133,2,N,0,263,6,0,5,16,5,46,16,45,59,65,139821,185386,51729,92,51500,85820,28500,84028,39125,1090,1050,909,296,40,217,2,613,467,443,418,401,17,25,24,19,19,0,5,146,138,134,4,8
19010,2.013764705882353,17348,10611,10602,10114,488,9,6737,10602,9993,5640,5640,5318,1283,660,3436,2417,9964,5331,684,1024,842,161,1922,27.7,10114,6887,903,1738,303,283,10114,39,297,597,107,667,315,337,1172,1780,3630,665,363,145,10114,8841,654,615,4,7728,493,67,212,184,475,802,797,1360,686,2652,132813,213796,6201,211398,2460,25963,1661,47426,209,9714,92,6590,130,5314,89,24,64,26,175,381,579,1065,583,2328,169471,267282,79757,2414,56985,93763,58297,112393,76930,21210,20637,18866,4812,573,5326,139,12074,9172,8763,8557,8458,267,206,409,398,324,139,11,2902,2693,2286,466,209
19013,1.0007058823529411,26801,15449,15432,12963,2469,17,11352,15432,13967,7942,7925,6642,2927,2284,4691,3561,12467,7906,1511,1245,790,113,902,22.2,12963,3254,4632,2278,595,2204,12963,37,404,1136,310,1128,1138,116,623,1168,4691,1236,469,507,12963,10779,1823,351,10,12551,1450,989,2042,1841,1898,1898,1113,881,293,146,34767,48399,8649,50981,4453,17445,2450,18376,1309,10574,647,2353,5329,6953,534,293,1044,1119,1044,1283,678,716,148,94,40337,54555,19519,5598,25800,36284,26089,39211,36205,32630,30392,15398,18222,2238,8711,269,19201,14562,12258,11116,8667,3034,1142,2304,1653,544,1128,651,4639,4466,1564,3210,173
19014,2.0084705882352942,17450,12011,11986,11299,687,25,5439,11986,9471,5926,5926,5538,1442,1039,2540,1938,10998,8834,724,227,158,93,962,27.3,11299,5013,1683,2534,992,1077,11299,12,857,944,155,1185,851,285,865,1229,2840,1070,579,427,11299,9517,1343,428,11,7771,256,129,286,503,483,1245,1295,1876,828,870,93358,111546,6515,109912,2925,21613,2267,27263,408,11210,188,3420,554,5615,180,53,111,168,269,739,930,1646,717,802,111303,127148,42166,2156,57463,63978,41250,74719,57348,21035,20539,17610,5902,496,4678,39,12919,10614,10043,9821,9422,597,222,571,493,324,178,78,2305,2182,1624,685,123
19015,1.017294117647059,13101,9059,9059,8673,386,0,4042,9059,6596,4285,4285,4115,981,840,2961,2644,8525,6778,777,133,318,33,486,25.6,8673,3015,1671,1739,950,1298,8673,73,502,685,278,862,354,133,503,687,2389,1129,489,589,8673,7012,1113,548,0,6773,233,160,408,598,768,1355,1305,1139,530,277,71355,87106,5435,83103,2039,21891,1918,25520,346,7402,111,2968,859,4443,80,119,135,318,473,825,891,876,508,218,83764,93527,35901,2330,49706,71625,42632,64213,46699,16663,16005,12212,5834,658,4351,56,9857,8330,7977,7541,6966,771,436,353,291,197,94,62,1527,1423,991,659,104
19018,2.0037411764705886,19063,13272,13134,11937,1197,138,5791,13134,9952,6645,6645,6207,1479,1279,2940,2504,11898,8375,864,1209,116,310,1024,29.4,11937,4103,2532,2551,1366,1385,11937,0,882,710,141,1183,1384,145,798,1306,3471,724,656,537,11937,10206,1398,333,0,9603,472,278,693,818,1331,1799,1316,1613,961,322,63442,80452,7719,81492,3037,20243,2148,20511,527,12220,346,4877,1187,5807,59,150,141,355,897,1049,892,1210,772,282,81163,91442,32941,3796,41484,58414,42192,51103,51199,23198,22135,17219,8497,1063,5104,34,14602,11925,10972,10283,9509,1023,689,953,882,534,388,71,2677,2408,1290,1648,269
19020,2.0091058823529413,47332,32582,32486,30641,1845,96,14750,32486,23923,15555,15555,14525,3048,2214,6893,5347,29957,22529,3124,1189,558,238,2319,29.8,30641,11336,4759,7363,2670,4513,30641,42,2615,3801,1171,3785,1592,379,2225,3859,5947,2793,1160,1272,30641,26480,2795,1301,65,22290,1416,601,1188,1616,2714,3863,2879,4133,1919,1961,71995,96916,17829,98987,7466,20530,5455,25537,1691,9891,820,2953,3253,14318,478,282,379,829,1576,2060,1961,3362,1688,1703,93703,113567,38646,7972,46131,60373,41044,58698,46661,56630,53203,40963,19360,3427,11154,440,36137,29675,27972,25903,23725,2573,2069,1703,1459,832,697,244,6462,5825,3463,2944,637
19021,2.0096,7789,5162,5147,4776,371,15,2627,5147,3889,2332,2332,2178,605,490,1429,1090,4732,4038,268,129,77,11,209,27.1,4776,1235,819,1152,453,1117,4776,8,322,606,179,729,401,17,193,463,1093,485,178,102,4776,4297,355,73,51,3777,187,214,353,413,293,865,616,576,176,84,63125,69947,2888,71007,1332,20080,838,19431,193,12052,126,5115,470,2539,88,58,200,270,172,532,507,501,137,74,73143,80078,27485,1238,34063,45110,35163,46003,36887,9817,9177,6688,3662,640,2315,37,6299,4767,4508,4062,3833,247,446,259,225,114,129,34,1532,1409,753,878,123
19022,2.0483529411764705,3103,1650,1650,1537,113,0,1453,1650,1715,814,814,771,324,104,505,305,1503,906,140,98,88,68,203,27.1,1537,371,300,488,125,253,1537,0,69,105,32,319,151,62,25,123,399,141,101,10,1537,1365,119,53,0,1499,164,33,202,276,207,195,286,99,37,0,38824,50988,1055,56919,513,18556,298,11995,148,6259,98,4114,428,789,58,13,32,167,109,140,162,82,26,0,50745,58876,20043,710,29392,38850,31713,41724,51250,3934,3819,2036,2300,115,1051,0,2296,1495,1402,1323,1131,308,79,93,65,21,65,28,801,793,188,649,8
19023,1.0169411764705882,16952,10729,10729,9457,1272,0,6223,10729,9523,5687,5687,5061,1230,833,4524,3389,9157,5415,754,1694,227,379,688,34.9,9457,2391,2896,2219,480,1471,9457,92,264,458,121,1395,925,332,88,554,3514,656,577,481,9457,7914,1140,403,0,7809,1022,461,567,1041,793,1501,1146,1007,165,106,50245,57824,6238,59886,1858,18034,1535,14481,857,6849,452,885,2748,4591,423,78,332,586,408,1002,779,789,140,54,61250,66220,21439,3218,31214,42658,30775,40235,42525,22116,20238,13341,10898,1878,6912,0,13279,9954,8760,7399,6156,1903,1361,1194,1016,557,648,178,3325,3040,1405,2270,285
19025,2.0038117647058824,5013,3385,3385,3336,49,0,1628,3385,2520,1441,1441,1427,664,596,841,713,3274,2197,86,245,77,27,642,28.7,3336,2370,173,500,108,185,3336,0,174,393,46,148,33,97,407,609,1056,87,185,101,3336,3009,248,79,0,2346,30,0,22,54,50,332,187,464,262,945,164000,260187,1888,271488,791,30954,767,39534,48,16877,7,N,24,1958,8,7,0,26,24,229,134,409,279,842,179714,288814,102175,388,68056,97322,76771,108000,73362,6459,6383,5814,1469,76,1529,31,3482,2960,2925,2889,2877,12,36,35,35,35,0,0,522,513,462,97,9
19026,2.011858823529412,24996,18238,18238,16875,1363,0,6758,18238,13303,9208,9208,8552,2492,2156,3996,3283,16622,11588,1296,1480,230,217,1811,33.0,16875,7942,2796,3727,895,1515,16875,74,816,1199,299,1577,1103,240,1539,2133,5146,1322,779,648,16875,14028,2044,772,31,12387,354,386,797,580,1604,2183,1952,2210,1203,1118,77039,99782,10180,104056,3518,20454,2390,24858,449,12894,361,2787,879,8144,228,47,325,246,1020,1147,1090,1819,1157,1065,99077,119449,40576,4243,47827,55339,46576,61680,54914,31073,29628,24758,8812,1445,6889,45,19555,16928,15697,14857,14059,1160,840,1231,940,726,233,291,2627,2374,1488,1171,253
19027,2.0158117647058824,15747,11193,11176,10573,603,17,4554,11176,8462,5671,5654,5279,644,518,3196,2973,10194,6482,672,1447,112,218,1263,31.9,10573,5651,1411,2179,344,988,10573,75,255,652,192,909,519,132,823,1663,3612,912,374,455,10573,8748,1172,633,20,8075,408,190,403,558,587,1105,1185,1384,721,1534,89484,122197,6775,114062,2702,25438,2001,32531,282,13546,130,8598,647,5178,152,40,133,254,221,567,821,1086,517,1387,112524,149631,50924,2897,51958,67104,49134,72192,59647,19264,18383,15370,5951,881,4176,21,11500,9937,9433,8772,8250,785,661,504,428,404,33,76,1563,1440,1130,502,123
19029,2.0201882352941176,3325,2223,2223,2020,203,0,1102,2223,1582,908,908,844,331,236,434,281,1930,1422,302,36,50,4,116,27.3,2020,649,434,444,140,353,2020,0,132,124,8,162,241,18,142,274,522,160,178,59,2020,1781,204,23,12,1569,64,104,119,170,356,117,194,274,111,60,48869,74803,1274,74532,498,19734,365,16404,171,13086,62,6353,193,992,43,21,68,74,239,109,110,181,102,45,59118,80071,30028,577,38065,58002,33477,53857,39926,3984,3653,2562,1543,331,825,76,2518,1903,1753,1571,1468,126,182,150,116,27,98,34,615,576,189,428,39
19030,2.0127058823529413,10551,6833,6833,6457,376,0,3718,6833,5324,3441,3441,3190,737,702,1499,1152,6317,4922,550,61,50,37,697,25.9,6457,2425,756,1761,527,988,6457,14,388,784,315,759,532,100,339,735,1299,386,372,434,6457,5365,792,300,0,4709,174,137,273,285,306,877,880,788,612,377,83110,99735,3608,101698,1866,24031,1415,24718,301,10162,146,1539,610,3511,48,56,125,219,262,460,782,638,630,291,95212,112184,37784,1198,45119,53656,42287,60677,49720,12621,12013,9694,4338,608,2371,42,7833,6293,5975,5534,5112,458,441,318,235,151,84,83,1540,1498,748,887,42
19031,2.0045882352941176,3877,2394,2394,2296,98,0,1483,2394,2332,1372,1372,1331,317,278,558,507,2135,1514,114,62,14,8,423,28.3,2296,1460,178,493,47,118,2296,0,65,218,169,236,40,37,252,194,823,106,80,76,2296,2001,197,98,0,1858,56,28,92,92,175,137,276,278,336,388,114167,171261,1422,185836,785,24359,510,26793,64,6697,10,N,97,1190,0,7,19,0,39,84,212,262,254,313,143889,205158,67901,668,45697,108380,62146,126625,83355,4496,4398,3919,1288,98,994,0,2397,2037,1966,1916,1874,70,50,71,50,38,23,21,360,351,310,73,9
19032,2.0096,4897,3217,3211,2862,349,6,1680,3211,2610,1553,1553,1292,751,638,1013,842,2749,1831,416,162,54,59,227,26.4,2862,931,527,663,300,441,2862,0,122,203,76,440,367,25,157,237,785,206,220,24,2862,2472,270,120,0,2489,332,73,158,189,365,623,438,236,44,31,55039,58544,2036,59804,685,14971,504,15765,122,8107,193,2291,539,1605,163,49,48,67,183,493,300,236,35,31,61046,68678,22143,884,37632,39370,35736,48162,39083,6732,5889,3784,3024,843,1936,166,4117,3047,2698,2446,2032,646,252,349,190,63,169,159,1070,804,343,538,266
19033,2.003705882352941,6021,4305,4305,4117,188,0,1716,4305,3175,2056,2056,1947,708,543,1058,775,4039,3068,543,121,50,20,237,24.9,4117,1440,737,918,461,561,4117,61,360,481,59,447,253,51,230,471,1171,183,215,135,4117,3276,628,213,0,2772,132,24,171,252,166,334,523,608,298,264,87703,98284,2266,102870,800,24220,575,17632,67,20363,44,4861,335,2043,73,9,34,111,116,217,438,545,236,264,103750,112185,36772,729,30781,54067,46970,78110,62250,7674,7167,6235,1707,507,1839,116,4817,4080,3911,3596,3463,176,315,169,157,141,16,12,737,673,596,181,64
19034,1.5038823529411767,5528,3752,3752,3605,147,0,1776,3752,2777,1688,1688,1667,425,324,1197,792,3486,2421,75,118,101,23,748,27.5,3605,2394,368,592,173,78,3605,7,165,375,76,142,56,32,511,478,1226,275,183,79,3605,2895,488,173,49,2418,143,13,74,99,221,249,155,421,214,829,142857,175677,1980,182302,673,28517,492,29280,42,15186,74,4543,112,1791,62,0,31,12,148,157,90,314,173,804,177330,211503,62436,627,46458,62483,63026,99844,69250,6636,6308,5521,1688,328,1702,135,3705,3195,3076,3001,2880,169,75,119,111,49,62,8,510,400,365,35,110
19036,2.0039529411764705,10563,7375,7375,6987,388,0,3188,7375,5409,3726,3726,3616,1224,1004,1420,1149,6930,5663,302,259,215,98,393,28.8,6987,2378,1348,1798,616,847,6987,35,828,422,153,1033,521,86,418,539,1948,408,208,388,6987,6087,577,323,0,5016,88,148,467,643,463,1023,742,826,300,316,66684,85659,4074,84844,1944,20640,997,20991,228,12097,155,3743,569,3331,71,12,227,360,216,658,629,593,285,280,80896,99752,34142,1685,37723,51564,39814,54880,46208,13082,12323,9906,4889,759,2837,82,8170,6847,6493,5977,5682,560,516,354,309,181,189,45,1323,1207,735,654,116
19038,2.0112941176470587,25920,17871,17854,17156,698,17,8049,17854,13903,8959,8959,8703,2344,1829,5001,3780,16787,11419,868,1387,522,189,2402,27.8,17156,9477,2354,3555,818,952,17156,57,1053,1223,313,1662,596,524,1570,2350,5141,1220,811,636,17156,14240,1781,1108,27,11544,486,239,341,412,744,1748,1349,2581,1710,1934,107366,131583,9941,128356,3259,25693,2425,28603,262,12319,230,5016,439,8372,81,117,72,272,378,956,1057,2155,1497,1787,129845,152051,46929,3172,57636,71958,52157,75850,67018,32198,31033,26973,7788,1165,8128,164,19180,16063,15474,14997,14535,721,477,589,455,347,125,134,3117,2735,2164,812,382
19040,2.009176470588235,17726,12367,12359,11750,609,8,5359,12359,8951,5708,5708,5486,1635,1388,3042,2393,11630,9288,614,284,62,130,1252,26.3,11750,5151,1805,2314,1251,1229,11750,35,765,1065,213,1325,541,195,903,1466,3152,1024,668,398,11750,10461,973,282,34,8045,293,103,473,492,569,1189,1080,2051,947,848,96105,115513,6464,119044,2823,22283,2081,26627,212,8711,153,2105,369,5435,65,0,143,209,264,648,853,1692,803,758,114740,138104,43367,2610,48617,64398,47419,59858,52500,21698,20821,17725,6466,877,4858,196,12835,11177,10633,10247,9782,709,386,544,477,360,130,67,1658,1462,1215,533,196
19044,2.0292235294117646,13222,10416,10390,10134,256,26,2806,10390,6559,4930,4930,4815,1017,706,3218,2647,9972,7703,645,452,106,8,1058,26.7,10134,4721,1661,1798,944,1010,10134,57,1091,1038,104,957,296,325,785,1461,2498,877,455,190,10134,9192,580,337,25,6618,59,141,231,399,751,1367,914,1340,667,749,86639,113290,5942,109845,1517,21792,1253,28092,175,10318,126,3186,432,4353,32,24,23,213,416,815,409,1195,500,726,111432,135540,43363,2265,58321,64524,45158,60078,52605,16996,15408,13524,3476,1588,4448,583,10561,9335,9114,8165,7850,373,949,221,178,109,69,43,1226,1213,989,257,13
19046,2.016376470588235,15312,9681,9681,9238,443,0,5631,9681,7828,4531,4531,4276,982,848,2763,2184,8971,5717,633,654,435,23,1509,30.5,9238,5387,1275,1578,447,551,9238,17,468,803,121,650,364,230,667,1595,3107,651,284,281,9238,7888,730,604,16,7640,429,209,402,489,426,905,687,1556,817,1720,105846,150839,5473,165006,2787,25033,1930,32656,253,12002,101,2011,216,5033,30,62,93,52,196,611,483,1221,778,1507,142843,190233,62610,2607,35359,71373,60958,85664,74333,18507,18228,15847,5217,279,4088,40,10379,8761,8374,8186,7928,356,188,387,381,319,62,6,1618,1573,1328,393,45
19047,2.012,28455,18511,18480,17699,781,31,9944,18480,14810,9030,9030,8619,2058,1531,3486,2720,17441,13532,1003,408,253,122,2123,28.7,17699,8249,2705,4105,1219,1421,17699,15,1028,1783,465,1817,951,386,1572,1914,5080,1308,819,561,17699,14406,2257,1036,0,12462,438,120,682,550,985,1596,1746,2580,1724,2041,101566,124172,9674,124354,4876,25936,3394,32560,478,12737,153,3934,615,9015,79,23,162,192,561,1284,1284,2082,1511,1837,119737,142860,47271,3447,44452,69108,52595,80184,58769,32879,31489,26988,9962,1390,6082,189,19936,16563,15980,15225,14556,831,755,583,454,283,195,129,3373,3056,2292,1067,317
19050,2.0158823529411767,23897,16724,16724,15365,1359,0,7173,16724,12742,8854,8854,8249,1679,1386,3031,2538,15028,9790,1083,2245,334,127,1449,32.6,15365,6030,3401,2975,1153,1806,15365,19,668,614,213,1372,1664,522,969,1723,4940,1192,690,779,15365,12265,2140,941,19,12082,814,469,1030,1115,1945,2275,1398,1739,783,514,56620,73995,9813,73977,3342,20496,2567,23828,760,8283,425,1825,1929,6736,303,142,325,353,864,1323,1034,1308,671,413,77725,90107,32513,5346,40331,50597,37160,47672,42742,28354,26314,19630,11478,2040,5464,177,18105,15079,13963,12719,11515,2010,1244,1116,979,692,413,137,3026,2544,1307,1636,482
19053,2.009176470588235,23151,16086,16086,15054,1032,0,7065,16086,12201,8035,8035,7519,1536,1115,3348,2479,14891,11420,824,498,135,168,1846,29.9,15054,6644,2004,3164,1441,1801,15054,123,1148,1861,406,1282,825,419,1039,1887,3957,773,754,580,15054,13005,1407,642,0,10521,320,220,631,413,1080,1877,1348,2003,1369,1260,87441,111718,8486,113622,3874,22215,2307,27691,256,9081,114,6364,802,7596,112,139,155,153,567,1243,1092,1746,1228,1161,108019,130752,43405,2925,45077,57552,50646,66846,60064,27718,26468,22410,8048,1250,5423,191,17246,14376,13444,12766,12245,780,678,932,732,334,407,200,2870,2689,1916,1081,181
19054,2.016588235294118,14307,10320,10305,9759,546,15,3987,10305,7186,4765,4750,4560,1270,714,2560,2017,9703,8029,692,264,52,162,504,26.9,9759,3543,1047,2632,1035,1502,9759,0,1082,1154,319,1401,640,88,517,834,2354,596,406,368,9759,7703,1484,559,13,6521,156,298,163,191,341,1032,1192,1855,874,419,95956,108277,5542,105775,2127,21634,1628,22241,181,10752,148,4075,307,4841,86,50,58,103,83,956,895,1627,676,307,105405,117018,40036,1680,50978,67491,44934,65331,50109,17857,16947,13783,5562,910,4134,15,11192,9349,8826,8100,7611,675,726,523,514,310,204,9,1843,1703,1100,830,140
19055,1.005364705882353,10937,7406,7406,7176,230,0,3531,7406,5861,3500,3500,3392,1170,1016,1810,1332,7043,5557,614,308,40,22,502,29.6,7176,2270,835,1819,975,1277,7176,78,602,795,311,992,427,144,394,548,1888,420,306,271,7176,6259,645,266,6,4755,113,80,262,386,320,1166,871,1049,380,128,76435,90364,3954,83008,1724,21659,1085,36548,169,9625,85,1453,574,3524,105,0,86,251,199,840,672,942,317,112,85455,92613,32053,1231,42243,69878,39821,49384,41452,13766,13163,9437,5503,603,3518,30,8260,6693,6510,6034,5410,719,476,183,167,53,114,16,1567,1499,753,970,68
19056,1.0093176470588237,12984,8908,8908,8478,430,0,4076,8908,6603,4459,4459,4323,968,621,2510,2093,8030,6441,780,242,67,56,444,30.0,8478,3685,1164,1729,816,1084,8478,0,700,840,204,1025,454,89,447,841,2728,600,148,402,8478,6948,1359,171,0,5909,204,52,379,444,615,777,782,1371,553,732,90706,107297,4835,110543,2092,20593,1542,19709,153,10584,114,3632,608,4317,62,23,223,304,228,429,658,1229,503,658,105707,123307,38474,1592,41414,53967,47327,72599,54000,16013,15437,12608,5380,576,3803,40,9931,8299,7882,7530,6960,794,352,417,362,226,136,55,1632,1508,874,813,124
19057,2.009529411764706,14942,10610,10569,10059,510,41,4332,10569,7523,4744,4729,4535,1141,811,2306,1744,9833,7981,985,299,78,30,460,27.1,10059,3044,1753,2655,1205,1402,10059,147,968,1048,308,1412,500,267,665,891,2176,805,499,373,10059,8737,964,358,0,6008,30,193,372,488,448,775,1078,1835,570,219,90818,94249,5219,89995,2337,20335,1383,19874,483,7277,160,2161,646,4607,30,68,218,161,279,596,1087,1447,525,196,94869,102556,32589,1401,41893,52200,38972,56230,45611,17857,16991,14108,5315,866,4067,0,11292,9245,8765,8210,7704,598,555,480,346,184,162,134,2047,1870,1273,980,177
19061,2.020117647058824,16176,10836,10836,10160,676,0,5340,10836,8523,5350,5350,5113,1072,712,3140,2679,9859,7514,1214,169,122,116,724,27.9,10160,3354,2005,2232,887,1682,10160,8,430,1253,112,1259,781,126,1016,1300,2524,693,448,210,10160,8840,1161,159,0,7731,307,226,698,563,1097,974,1192,1014,1282,378,75009,89955,6103,93201,2918,20338,1860,20850,495,14956,212,858,1230,5394,72,100,407,208,634,659,1036,840,1172,266,87651,101294,34332,2337,38985,55550,41171,55321,45516,20101,18947,14393,7348,1154,4775,292,11903,9636,9133,8527,7819,929,606,503,447,210,245,56,2267,2067,1217,983,200
19063,2.054211764705882,31316,20957,20920,19849,1071,37,10359,20920,16879,10357,10357,9765,2370,1953,4254,3568,19607,13011,1124,1187,608,79,3598,29.1,19849,12380,1672,3558,1130,1109,19849,104,1246,1486,448,1542,792,209,2159,3758,5463,1015,878,749,19849,16647,2122,1040,40,15221,399,378,554,926,1200,2012,1728,2935,1715,3374,107030,149674,11695,158823,5126,25027,4103,34261,359,13140,317,2975,532,9582,65,61,58,206,451,1014,1083,2127,1363,3154,143303,192535,63429,5639,56938,74472,59562,94280,74292,36494,35749,32415,9445,745,7101,70,21543,18597,17579,17120,16645,579,459,1018,940,812,144,78,2946,2847,2334,686,99
19064,1.0544235294117648,19882,13294,13294,12902,392,0,6588,13294,10101,6262,6262,6103,1604,1157,4181,3362,12553,9791,668,369,101,99,1525,29.5,12902,6720,1484,2837,1039,822,12902,24,878,860,417,1013,748,239,1269,1616,3809,742,855,432,12902,10687,1652,528,35,8563,79,51,251,534,459,878,1172,2004,1433,1702,119788,139471,6816,145264,3030,25503,2641,32153,184,10228,199,2170,237,6893,25,26,48,216,280,594,865,1803,1382,1654,135899,156225,49092,1670,55100,66110,59648,82478,69798,24981,24557,21674,6346,424,6081,137,14353,12115,11814,11565,11217,481,249,301,287,236,59,14,2238,2214,1880,486,24
19067,2.022235294117648,42479,29931,29927,28356,1571,4,12548,29927,21069,13450,13450,12801,3096,2063,8272,6434,28012,20679,1251,1162,338,475,4107,30.4,28356,15285,3176,6409,1681,1805,28356,120,1536,2732,685,3172,1133,906,2688,4723,6795,1828,936,1102,28356,23658,3043,1580,75,20503,664,339,698,707,1358,2602,2347,4092,2510,5186,118427,154098,17336,150624,5954,25624,4997,37974,881,12618,274,3631,1425,14907,249,163,366,374,716,1402,1595,3280,2052,4710,139938,176640,60118,5596,62325,88162,57118,91510,66539,52693,50850,44192,14087,1843,12607,338,31304,26248,25025,23919,22805,1547,1106,1223,1028,745,283,195,5056,4871,3873,1485,185
19070,1.0035294117647058,5472,3985,3983,3855,128,2,1487,3983,2881,1950,1950,1935,413,365,915,655,3805,2860,196,273,69,71,336,28.2,3855,1693,644,832,404,282,3855,19,244,454,78,401,135,126,261,310,1060,408,182,177,3855,3187,403,263,2,2885,172,61,121,283,257,480,354,481,459,217,78775,95239,2352,99112,839,21478,631,26261,110,6534,45,1729,237,1692,40,16,44,34,125,228,212,427,378,188,115272,121128,41716,1193,41375,55987,47876,68491,61585,6712,6363,5423,1985,349,1370,16,4263,3680,3565,3350,3170,269,215,115,83,80,36,32,583,506,399,195,77
19072,2.0135529411764708,8382,6115,6105,5978,127,10,2267,6105,4246,2922,2922,2834,669,657,2112,1672,5901,3297,217,565,158,47,1617,28.7,5978,4322,406,1083,121,46,5978,0,194,245,91,436,85,188,677,1331,1919,382,247,183,5978,5043,383,552,0,4357,82,46,118,145,315,417,370,666,426,1772,157917,235502,3704,234606,1098,30947,840,54365,83,7512,25,7484,83,2980,70,10,0,27,121,151,193,400,408,1600,211500,282540,95752,1377,71218,132883,83401,127650,97500,10772,10559,9844,2169,213,2893,59,5858,5194,5099,5034,5018,46,65,95,88,88,0,7,664,582,426,175,82
19073,2.029929411764706,16574,10403,10403,10148,255,0,6171,10403,8819,4837,4837,4756,1889,1556,2952,2246,10000,6928,595,278,238,124,1837,28.6,10148,6532,947,1798,503,368,10148,108,672,716,247,783,227,340,1702,1741,2365,572,476,199,10148,8776,642,716,14,8302,359,60,333,359,637,1089,934,1237,846,2448,120833,177728,6169,187175,3272,24188,2172,36890,244,18817,27,4026,179,5512,45,18,27,107,345,461,575,770,793,2371,177717,228709,72242,2790,57535,76185,72240,115933,85829,20640,20294,17614,6337,346,4963,32,10813,8977,8758,8572,8097,653,186,219,180,154,44,39,1836,1747,1446,453,89
19076,2.0152470588235296,5247,4092,4092,3866,226,0,1155,4092,2505,1742,1742,1649,496,453,754,733,3801,2881,330,198,124,27,241,22.7,3866,1507,714,712,375,558,3866,0,202,488,56,480,219,190,106,485,892,382,218,148,3866,3409,418,39,0,2581,183,171,202,197,187,564,351,272,220,234,63579,94089,2133,102606,615,19478,475,15357,14,N,61,N,330,1595,127,72,49,116,80,282,222,248,183,216,80691,117114,38185,986,47037,53942,39464,62340,68456,6324,6030,4400,2227,294,1384,85,4246,3866,3640,3464,3126,433,176,226,193,25,168,33,380,380,274,184,0
19078,2.0130235294117655,9268,6341,6334,6060,274,7,2927,6334,4921,3355,3355,3225,903,705,1619,1505,5953,4785,435,203,127,45,358,23.9,6060,2354,1050,1427,798,431,6060,0,640,590,135,534,264,166,430,480,1788,341,277,415,6060,4884,982,182,12,4593,120,116,181,198,671,702,641,1054,546,364,88475,106448,3659,104119,1539,23375,1305,29300,130,18282,141,4259,401,2982,50,21,27,109,290,431,426,830,502,296,107112,127068,42832,1611,46272,61728,49141,72184,55753,11493,10992,9252,3419,501,2671,100,7039,5897,5656,5385,5191,402,271,241,219,141,78,22,1142,1034,567,625,108
19082,2.015176470588236,33531,23572,23572,21875,1697,0,9959,23572,17459,11035,11035,10332,3346,2547,6844,5308,21418,12318,2051,4943,901,210,995,32.8,21875,6053,5753,4856,1328,3885,21875,167,926,1241,599,2816,1602,135,1341,1885,6450,2696,1212,805,21875,18912,1935,966,62,15894,1225,1056,1371,1643,2552,2880,1853,1668,981,665,50865,67544,13201,70476,4042,14912,2279,22385,1278,8231,664,1499,3903,10183,470,505,824,827,1627,1941,1278,1577,836,298,59919,73583,25509,5711,34249,48677,33384,45089,39498,43270,37433,23507,20061,5837,11223,435,27835,21945,20376,16620,13572,4080,3756,1569,1081,303,905,488,5890,4811,1949,3656,1079
19083,2.013058823529412,28786,20340,20340,19186,1154,0,8446,20340,14705,9801,9801,9259,3109,2434,5857,4656,18764,13098,1165,1213,355,196,2737,28.0,19186,10762,2425,3969,962,1068,19186,1,879,1360,447,1774,543,599,1539,2955,6217,1297,872,703,19186,15982,2222,937,45,13330,166,165,417,878,1356,1583,1515,2813,2048,2389,108665,133100,10900,134837,4079,24372,3235,30866,508,15035,173,2735,601,10062,69,18,163,357,768,879,1179,2368,1937,2324,131800,154446,48797,3268,48740,64086,53518,80298,63304,36746,35621,31676,9238,1125,9623,169,21082,17925,17121,16488,16004,863,633,804,662,506,166,142,3157,2986,2366,922,171
19085,2.014964705882353,9150,4089,4052,3796,256,37,5061,4052,4820,1954,1931,1787,360,195,1000,734,3657,2044,86,228,677,13,609,23.5,3796,2372,535,788,28,73,3796,0,51,184,11,428,51,19,445,603,1378,470,103,53,3796,3324,156,290,26,1870,68,5,0,29,42,165,49,144,140,1228,250000,399002,1589,379783,550,30318,380,57820,28,7925,23,N,23,1646,48,5,0,29,18,150,28,115,131,1122,250000,426594,76746,224,195833,196256,6352,193750,105804,10296,10100,9288,1585,196,2793,63,6396,3382,3198,3128,3079,70,70,184,184,154,40,0,3014,2951,2840,166,63
19087,2.033176470588236,26857,18318,18308,17577,731,10,8539,18308,13571,8391,8387,7953,2156,1442,5545,3825,17305,11253,711,1243,731,188,3179,26.1,17577,12303,1508,2963,388,415,17577,32,447,1523,314,1098,278,586,2633,3531,4766,1355,732,282,17577,15316,1404,849,8,12157,219,165,178,499,507,1342,1051,2077,1732,4387,151113,206448,10242,199662,3129,27464,2587,41219,271,6618,135,4537,187,8480,38,26,68,239,200,593,552,1451,1454,3859,181217,239591,75893,3677,77721,127847,64315,115753,84589,33607,32618,29924,6688,989,8569,251,19824,16101,15475,14979,14798,357,496,626,546,361,216,80,3723,3614,3369,456,109
19090,2.0206117647058823,15954,11126,11119,10731,388,7,4828,11119,8262,5428,5428,5267,1520,1185,2656,2137,10433,7777,679,513,196,144,1124,28.9,10731,5196,1490,2226,631,1188,10731,39,561,827,392,1432,322,208,1498,1084,2728,689,627,324,10731,9387,955,343,46,7602,253,171,419,522,597,1219,1189,1543,1074,615,87665,104655,6075,104555,2380,23633,1710,33158,194,14094,151,3053,887,5023,57,79,254,119,305,753,685,1196,1034,541,107105,123034,40505,2579,54480,64082,49686,68059,59435,19866,18950,15768,5932,916,4782,231,12160,10264,9954,9377,8783,816,577,310,287,207,88,23,1896,1837,1196,866,59
19094,1.000635294117647,3611,2271,2271,2124,147,0,1340,2271,1744,936,936,885,284,152,891,560,2079,1745,133,103,0,46,52,25.4,2124,790,351,379,268,336,2124,0,115,349,22,226,240,10,76,210,613,158,68,37,2124,1833,158,133,0,1821,69,140,71,145,138,342,245,386,214,71,75917,90231,1315,94831,570,22459,309,30491,252,12264,109,1412,313,1140,0,10,24,69,88,276,138,282,182,71,92007,109259,34919,681,41250,54570,48236,67500,52783,4771,4575,3534,1790,196,1262,20,2815,2161,2031,1944,1735,220,87,130,71,0,71,59,654,624,413,334,30
19096,2.014117647058824,11432,7151,7151,6873,278,0,4281,7151,6042,3307,3307,3250,1339,827,2575,1689,6841,4035,492,789,52,70,1403,31.6,6873,5397,332,887,72,185,6873,0,123,298,170,307,66,118,737,1414,3014,201,318,107,6873,5877,597,399,0,5805,134,63,207,237,232,627,502,906,617,2280,149830,222232,4590,228598,2124,28593,1386,47275,54,13600,45,6876,83,4012,75,27,88,75,100,245,225,494,563,2120,215441,274957,85504,1793,75903,104256,85813,158692,91367,14947,14778,13627,3712,169,4071,26,7556,5848,5628,5593,5488,105,35,220,136,120,24,84,1708,1693,1459,343,15
19102,2.0607058823529414,5017,3878,3878,3828,50,0,1139,3878,2573,1970,1970,1920,0,0,91,91,3808,762,48,455,1390,162,991,24.1,3828,3096,104,506,5,117,3828,0,28,149,103,178,175,126,397,920,1579,68,59,46,3828,3575,146,107,0,3425,426,106,91,83,124,428,293,488,455,931,115597,171023,2971,179469,490,25750,289,52285,16,N,0,-,31,800,45,0,0,0,19,46,21,153,160,356,180707,225110,115622,2625,87531,154539,81989,104293,113859,5108,4946,4725,778,162,129,0,4305,3706,3671,3578,3512,86,93,35,35,35,0,0,599,530,508,51,69
19103,2.0709411764705883,23858,17090,17070,16578,492,20,6768,17070,13049,8627,8617,8358,732,576,786,582,16415,2730,257,2649,6328,949,3502,23.9,16578,13325,768,2095,97,293,16578,0,130,1042,132,670,231,628,2356,3720,6092,711,500,366,16578,14550,1103,893,32,16337,934,654,756,762,1053,2952,2452,1761,1895,3118,83988,145269,12855,150167,3777,22982,2930,39251,428,9469,210,2642,654,4091,119,101,80,42,145,336,378,455,761,1674,170213,257118,94023,12246,72208,107735,71525,96476,78257,25101,24494,22387,6046,607,1685,20,17992,15411,14969,14692,14549,209,277,442,318,285,33,124,2581,2395,2069,453,186
19104,2.011858823529412,45257,24271,24257,22295,1962,14,20986,24257,24640,13726,13726,12714,2363,1685,4686,3656,21582,4926,748,5020,6861,1246,2781,25.6,22295,11068,4861,3963,736,1667,22295,66,449,869,290,1873,883,425,695,2446,10148,2559,839,753,22295,19757,2097,422,19,18053,4593,1118,2287,1946,2120,2537,1192,1318,322,620,30734,49820,13430,57369,2984,13069,1465,19469,1242,8815,1043,2839,4379,6017,1033,267,632,712,627,954,485,656,195,456,45242,69245,19234,12036,23992,38559,15227,44415,42648,51486,48511,35292,16324,2975,11543,371,36730,22520,20767,19202,16306,3409,1565,1753,1520,904,774,233,14210,13478,10407,3785,732
19106,2.091482352941177,13440,9384,9365,9127,238,19,4056,9365,6614,4471,4471,4374,506,452,312,187,9038,2916,336,1760,1776,288,1962,28.3,9127,7467,319,1056,111,174,9127,0,157,862,235,699,316,209,794,2447,2565,409,341,93,9127,8357,324,446,0,8155,174,118,196,232,320,1151,1114,1334,1115,2401,126287,173184,6670,174287,1762,26871,1417,52376,58,16729,40,N,45,2435,10,0,11,31,35,196,130,389,500,1133,193750,250291,100579,5720,97401,140359,85017,105241,80149,13045,12651,11668,3076,394,818,0,9477,8527,8334,8021,7968,81,313,193,187,152,53,6,950,875,726,262,75
19107,2.223764705882353,14249,9921,9895,9447,448,26,4328,9895,7428,5057,5053,4829,132,115,639,516,9212,1718,172,1957,3375,413,1577,24.8,9447,6098,1110,1687,151,401,9447,0,130,608,119,817,300,281,1017,1607,3035,893,375,265,9447,8582,610,236,19,8459,890,559,384,792,904,1385,936,1118,509,982,62280,93496,6966,103598,1199,16879,757,28366,465,9080,254,802,982,2122,58,76,18,84,415,179,316,278,162,536,95590,141435,54974,6337,54616,76393,48637,78118,64238,14930,14285,11768,3513,645,970,19,12423,9451,9094,8657,8058,740,437,357,296,175,131,61,2972,2848,2180,751,124
19111,1.0211764705882354,53342,34136,34136,31732,2404,0,19206,34136,28392,16599,16599,15262,5621,4466,10567,8160,30886,19776,3760,4217,760,417,1956,35.9,31732,9785,8195,6383,2366,5003,31732,99,1367,2933,596,3860,2208,348,1776,3174,8837,2655,1756,2123,31732,26593,3729,1380,30,25828,1923,1448,2062,2515,3467,5042,3355,3605,1229,1182,55569,73348,19989,73341,8471,19163,6010,25249,2107,9282,1222,3329,5754,16812,782,755,1044,1411,2198,3685,2135,2845,871,1086,63002,82813,28532,9016,38183,50213,34269,51505,44047,68148,61594,38757,31430,6554,18071,1345,39015,30793,28877,25246,21167,4949,3631,1916,1383,705,695,533,8222,7259,2860,4962,963
19112,2.015458823529412,0,0,0,0,0,0,0,0,0,0,0,0,0,0,0,0,0,0,0,0,0,0,0,-,0,0,0,0,0,0,0,0,0,0,0,0,0,0,0,0,0,0,0,0,0,0,0,0,0,0,0,0,0,0,0,0,0,0,0,0,-,-,0,-,0,-,0,-,0,-,0,-,0,0,0,0,0,0,0,0,0,0,0,0,-,-,"",0,"",-,-,-,-,0,0,0,0,0,0,0,0,0,0,0,0,0,0,0,0,0,0,0,0,0,0,0,0
19114,2.0014470588235294,25767,16650,16650,15562,1088,0,9117,16650,14084,8738,8738,8114,2245,1832,3944,3132,15106,10773,1294,1292,274,135,1338,33.1,15562,5812,3158,3392,1449,1751,15562,0,951,788,478,1371,897,195,1052,1621,4414,1113,1128,1554,15562,12285,2686,591,0,13553,500,374,910,1203,1924,2444,1915,2682,875,726,70838,84538,10427,84562,4952,21510,3962,26182,713,12297,517,4258,1505,7955,187,73,313,520,766,1403,1387,1998,727,581,90042,99649,36467,5598,42038,58120,42789,64085,44878,31699,30774,23910,12546,925,6730,69,19101,15251,14342,13775,12822,1448,567,909,824,456,374,85,3850,3673,2258,2112,177
19115,2.013764705882353,29404,17477,17444,16248,1196,33,11927,17444,15611,8846,8846,8184,2433,1739,4147,3079,15650,10188,2298,1182,281,466,1235,32.9,16248,7108,3295,2552,1187,2106,16248,68,705,1210,170,1046,1330,388,1133,1657,5461,1089,620,1371,16248,13293,2238,693,24,14642,884,416,1217,1211,2159,2214,2277,2097,831,1336,62044,93676,10571,94578,5889,21411,4133,32336,818,9455,517,2214,2001,9196,165,84,506,594,1389,1304,1498,1688,698,1270,88561,114214,40250,5446,40365,56104,40894,59577,51100,35391,33078,23543,14714,2313,7346,332,19746,15306,14455,13433,12491,1310,1022,851,468,235,247,383,4440,3885,2216,1895,555
19116,2.0044470588235295,27571,16168,16168,15290,878,0,11403,16168,14043,7583,7583,7193,2195,1317,3731,2487,14959,10512,2206,1102,176,331,632,36.4,15290,5668,3094,3000,1061,2467,15290,16,1307,1106,306,1531,1241,429,818,1388,4372,1142,452,1182,15290,12290,2115,885,0,13402,1030,792,917,1349,1563,2379,1490,2052,1131,699,59390,79106,9922,83926,4763,19952,2760,26380,1120,10894,742,2322,2989,8842,343,382,470,808,929,1526,1253,1562,1007,562,74366,91126,31726,4560,35374,52136,37999,55721,50022,33022,30873,21381,13478,2149,6717,295,19925,14809,13994,12902,11764,1548,1092,815,749,416,335,66,5116,4459,2340,2335,657
19118,1.024141176470588,9262,5912,5903,5635,268,9,3350,5903,5099,2889,2889,2784,566,438,1030,761,5525,2673,320,923,350,97,1162,34.5,5635,3886,472,925,118,234,5635,4,150,303,38,324,265,194,531,1086,1938,428,167,207,5635,4440,622,573,0,4875,189,86,137,323,718,767,437,831,378,1009,86475,155048,3747,156572,1556,25831,1072,39966,86,14092,109,7174,298,2427,17,12,33,66,170,315,174,446,254,940,146908,236511,71317,2448,52895,73646,56188,91020,64554,10568,10301,8708,3511,267,1904,8,6270,5030,4803,4605,4435,232,198,227,182,147,41,45,1240,1224,786,499,16
19119,2.0364235294117647,24189,15687,15622,14456,1166,65,8502,15622,13372,8355,8355,7622,2008,1650,3431,2667,14279,7611,843,2895,137,316,2477,36.1,14456,8530,1922,2814,373,817,14456,16,301,791,102,1296,705,574,1036,2091,4914,924,654,1052,14456,11237,2288,920,11,12564,617,671,771,1046,1319,1983,1636,1849,1030,1642,72685,113009,10026,112155,3958,20651,3143,25478,711,10013,549,1797,1953,7389,191,213,233,583,623,888,828,1403,891,1536,104434,149455,48997,5175,43302,55051,48183,69756,59175,28588,27075,20426,10359,1513,6034,197,17412,14226,13211,12380,11410,1244,831,1015,857,329,553,158,3186,2859,1557,1528,327
19122,2.1722352941176477,19116,11169,11169,9834,1335,0,7947,11169,10180,5543,5543,4868,923,622,2129,1398,9553,3435,361,2286,1100,776,1595,30.4,9834,4045,2030,2005,676,1078,9834,59,498,870,229,1188,416,165,618,1043,2779,1121,454,394,9834,8505,985,321,23,7814,1299,825,857,480,606,1121,539,885,584,618,43981,79573,5866,92128,1957,12231,979,34408,1117,8415,601,1956,2302,3320,399,145,268,304,372,519,320,475,214,304,56111,90796,29668,4494,27798,68080,23480,59369,50643,22038,20174,13156,8485,1864,5364,170,14680,10199,9023,7880,7014,1000,1143,1176,899,448,554,277,4481,4207,2168,2339,274
19123,2.023435294117647,16369,12392,12392,11861,531,0,3977,12392,7962,5819,5819,5545,830,682,904,682,11725,5094,541,2917,789,847,1537,30.6,11861,8000,1420,1601,257,583,11861,12,397,751,248,800,494,578,1176,2562,2894,1137,358,454,11861,10079,1098,684,0,8978,793,525,337,542,725,1119,1037,1345,1118,1437,83008,116612,7453,128855,1465,13242,798,14144,811,9284,328,3212,1402,2981,134,78,91,200,173,285,315,452,421,832,118494,164915,59123,5997,70736,91898,62573,71980,64342,17808,16913,13670,4549,895,2037,0,13974,11839,11392,10771,10502,534,621,447,398,148,296,49,2135,1931,1061,1033,204
19124,1.0144705882352942,51564,30204,30204,26510,3694,0,21360,30204,26660,15199,15199,13783,6488,4942,13859,8863,25766,14867,1977,6053,707,754,1408,33.3,26510,6693,7568,5626,1976,4647,26510,0,1377,2436,544,3069,2513,207,948,1943,8741,2224,1323,1185,26510,22359,2856,1295,0,24377,2920,2243,3261,2787,3267,3596,2323,2608,566,806,38293,60548,17904,67558,7201,14565,3477,17711,3670,11163,2107,2105,10374,15619,1115,882,2001,1860,1988,2690,2098,1901,461,623,49654,68944,21160,8758,22590,40367,30169,43121,39511,71338,64538,28403,42130,6800,23245,1379,41758,28279,25176,21812,15868,6999,3364,3103,2576,1013,1708,527,13479,11969,2960,9666,1510
19125,2.0254117647058827,21499,17235,17217,16532,685,18,4264,17217,10365,8003,8003,7756,1845,1545,1678,1264,16057,6754,841,3440,963,778,3281,30.5,16532,10609,2032,2181,522,1188,16532,37,590,1131,523,1261,477,794,1040,3342,4026,1649,740,922,16532,13581,1873,1043,35,11422,574,373,578,937,904,1412,1548,2592,1383,1121,89505,101300,10008,106386,1832,16352,1158,19380,690,9855,582,2383,1352,4887,256,180,127,201,506,623,462,1113,720,699,103865,112971,46593,6535,79942,88239,53677,63156,63301,24865,23407,18816,6365,1458,3649,18,19175,16798,16190,15170,14244,1430,1020,608,559,219,348,49,2377,2033,1041,1149,344
19127,2.192282352941177,5248,4450,4450,4250,200,0,798,4450,2234,1738,1738,1592,153,137,8,8,4190,2706,206,367,173,80,658,35.6,4250,2865,424,489,127,345,4250,0,138,319,43,283,192,115,413,1078,1032,334,150,153,4250,3729,336,185,0,2830,196,106,76,257,229,453,232,589,292,400,81042,118752,2576,123352,255,20014,258,20241,35,11363,29,N,71,734,0,25,28,38,65,44,74,111,148,201,148594,154720,60081,2096,68537,104343,57767,66875,65018,5517,5377,5123,550,140,307,0,4921,4370,4170,4040,3994,59,130,200,200,159,41,0,551,541,485,66,10
19128,2.0094941176470593,34245,24798,24764,23515,1249,34,9447,24764,17502,12096,12096,11444,2352,1946,2858,2025,23327,14399,1344,2757,597,346,3884,31.3,23515,13200,2984,4319,975,2037,23515,26,950,1808,395,1808,868,413,2130,3136,7584,1640,1207,1550,23515,19827,2952,688,48,18018,835,265,987,1483,1431,3227,2772,3743,1740,1535,80803,98627,14972,101213,4513,21037,3301,27227,580,10072,509,2334,1044,9009,173,100,382,528,551,1571,1320,2100,1158,1126,96653,117036,46289,9009,65844,77729,53929,64771,64598,38385,37100,30489,11492,1285,5449,80,27024,23209,22093,21340,20212,1673,753,1116,945,540,476,171,3815,3534,2046,1852,281
19129,2.101929411764706,10036,6502,6502,6247,255,0,3534,6502,5114,3254,3254,3121,1042,766,385,317,5995,2966,525,1242,239,96,927,35.7,6247,4231,593,1023,109,291,6247,0,165,230,167,402,141,202,344,1524,2122,352,328,270,6247,5357,731,159,0,5149,393,321,323,414,299,707,481,956,502,753,81641,110652,3815,122359,1546,21542,967,31397,152,7701,198,7472,966,2547,11,49,45,144,158,255,279,656,353,597,117830,157548,50920,2602,44035,63168,54114,78446,68856,11140,10988,8758,3344,152,1925,8,7667,5866,5665,5553,5130,501,112,201,184,132,52,17,1801,1786,991,885,15
19130,2.062682352941177,26652,20857,20857,20021,836,0,5795,20857,14154,10640,10640,10392,1316,1048,1610,1325,19725,7079,918,2798,3371,1584,3975,30.1,20021,14752,1968,2377,91,833,20021,55,264,1072,471,816,528,777,1902,4598,6216,1745,586,991,20021,17082,1947,932,60,15446,858,420,447,575,1034,2553,2296,2879,1904,2480,92097,127554,13475,129196,2917,22075,1828,35679,371,11211,217,2936,886,5627,78,49,46,99,306,585,713,884,1114,1753,154238,184355,67927,9819,76005,92896,62636,81440,66573,28988,27729,24832,5655,1259,3081,9,22103,19251,18571,17862,17462,604,709,680,436,300,136,244,2852,2555,2008,703,297
19133,1.001764705882353,20874,9982,9982,8695,1287,0,10892,9982,11788,5218,5218,4664,1460,1093,3487,1943,8483,3676,363,2516,548,756,624,34.4,8695,1130,3131,2074,783,1577,8695,149,598,516,179,1430,738,72,162,857,2376,591,543,484,8695,7514,870,298,13,9461,2068,1230,1173,1633,1080,979,482,334,28,454,27811,42699,5861,53212,2949,12115,988,14398,2855,10097,1228,1920,5968,6414,1075,599,778,1274,877,704,445,232,24,406,29731,49055,15729,3047,11868,25012,21840,34145,28684,25818,23156,6205,18157,2662,6705,69,16235,9379,8236,6482,3448,3380,1754,1143,921,124,797,222,6856,6259,601,5925,597
19134,2.0063529411764707,44271,23465,23465,21895,1570,0,20806,23465,23829,13570,13570,12899,5320,3711,11089,6840,21497,11917,1049,4646,1312,957,1616,32.4,21895,5683,4631,5917,1721,3943,21895,73,1387,1951,221,2566,2124,198,779,2170,6337,2125,808,1156,21895,18288,2529,1032,46,21942,3165,2167,3029,1976,3116,3866,1990,1972,388,273,37821,50137,15608,55760,5846,15479,2742,16385,4251,9488,1763,2736,9743,13190,1775,1371,2089,1397,1423,2023,1331,1206,440,135,34665,51010,19224,8752,31447,41590,31002,47053,37742,59552,54225,20653,36959,5327,18363,728,35746,22357,20982,18237,12866,5779,2745,1375,1038,203,839,337,13389,11872,2379,10179,1517
19135,2.0056470588235293,26259,17439,17439,15110,2329,0,8820,17439,13966,8549,8549,7477,3388,2290,7114,5528,14599,9372,2004,2129,175,198,721,33.0,15110,3929,3756,3211,1278,2936,15110,0,944,1139,376,1648,1382,135,931,1532,3549,1466,1054,954,15110,12362,1814,906,28,13379,1466,1089,1259,985,2453,2142,1590,1667,306,422,46311,65024,10386,69043,3376,16707,2195,17952,1379,10826,913,2435,4216,8579,674,735,627,678,1741,1282,1199,1204,224,215,47822,69344,24075,4800,35625,53411,33015,51423,41133,36304,34292,17132,20313,2012,11584,184,21341,16433,14264,13017,10215,3508,1247,2169,1993,543,1492,176,4908,4550,1242,3632,358
19136,2.0228705882352944,28928,15942,15926,14089,1837,16,12986,15926,14170,8027,8027,7047,3276,2102,5467,3179,13853,10328,1190,1606,111,217,401,34.4,14089,4638,2698,3112,1201,2440,14089,11,745,1372,697,1439,957,357,779,1085,3765,955,873,1054,14089,11899,1728,370,92,13124,890,565,1674,1358,1430,2274,1652,2271,655,355,56752,70805,10004,74537,4267,17261,3191,20464,1219,10514,712,2462,3245,8163,328,169,1039,620,970,1418,1205,1557,556,301,67292,79798,26010,4961,34933,51750,34019,56366,48270,35161,33502,20669,17467,1659,9644,233,21071,14812,13119,12476,10709,2126,643,1693,1502,502,1141,191,6259,5673,2056,4218,586
19137,2.008258823529412,6552,3718,3718,3464,254,0,2834,3718,3367,1828,1828,1741,554,342,1385,1069,3444,2079,540,403,149,10,263,33.6,3464,1153,653,835,238,585,3464,11,152,405,171,291,302,79,134,427,887,240,138,227,3464,2913,417,134,0,3236,241,191,324,222,592,436,403,530,129,168,52034,69753,2307,75583,997,22631,786,22730,187,10447,86,1851,700,2251,110,128,210,166,327,299,326,445,85,155,58456,77553,27357,985,38594,45758,41164,54802,42259,8470,8155,5520,3490,315,2179,55,5047,3535,3288,3125,2793,464,163,247,220,139,81,27,1512,1442,792,752,70
19138,1.0018352941176472,25866,16302,16280,13998,2282,22,9564,16280,14151,8940,8927,7772,2118,1545,5220,3986,13630,7763,580,3898,267,286,836,37.0,13998,3335,4395,3166,414,2688,13998,15,268,491,378,1866,1378,222,617,1518,5446,590,317,892,13998,11572,2185,241,0,12492,1471,987,1769,1308,1430,2431,1290,1391,262,153,44455,53157,8991,57600,4609,17065,2228,18206,1129,9487,792,2059,4469,7516,629,344,677,803,969,1821,841,1085,201,146,51900,62310,21910,4976,23602,36359,30593,40646,41055,33175,31142,16767,18252,2033,8443,396,19512,15094,12954,12111,9771,2894,843,2140,2022,498,1572,118,4418,3742,1421,2837,676
19139,1.001129411764706,35536,20527,20518,17990,2528,9,15009,20518,20179,11052,11052,9763,3751,3148,6425,4547,17359,6332,987,6361,940,715,2024,35.0,17990,5832,6055,3085,947,2071,17990,28,817,610,107,1669,1140,130,748,1647,7287,1849,803,1155,17990,14801,2576,604,9,18957,3658,1739,2403,2039,2477,3300,1631,1075,342,293,32531,52480,12632,61917,5146,14328,2805,20251,2839,9513,1810,1587,7284,10033,1268,741,988,1211,1535,2096,1079,681,296,138,42665,51626,23196,8924,21015,50269,30037,37522,40515,45042,41509,21905,25464,3533,11761,357,27845,19340,17010,15292,12134,4291,1718,2330,1888,545,1456,442,8505,7648,2534,6100,857
19140,1.002258823529412,42551,20448,20448,17442,3006,0,22103,20448,22044,10036,10036,9116,5051,3208,7109,4387,16806,6146,1004,5808,963,1078,1807,37.0,17442,3760,5983,3217,1228,3254,17442,116,745,1168,328,1936,1741,308,527,2071,5825,1386,620,671,17442,14689,1647,1106,0,20384,3926,2430,3402,2867,2225,2540,1758,1084,52,100,27006,39466,12057,47235,7668,13462,3560,12488,4285,9538,2174,2435,10739,12906,1652,1084,2140,2109,1916,1844,1494,531,36,100,32480,45375,15237,7478,13944,22890,25760,31515,34529,54344,48031,16713,36212,6313,14144,599,31773,19266,16540,13027,8227,5345,3513,2726,1937,616,1618,789,12507,11152,1412,10109,1355
19141,1.0009176470588237,26960,15152,15152,12619,2533,0,11808,15152,16041,9119,9119,7950,2281,1743,4043,2914,11997,5514,1086,4109,441,168,679,35.3,12619,3570,4265,2841,325,1618,12619,47,207,322,168,1457,1112,61,535,1292,5311,847,389,871,12619,10351,2056,212,0,14413,2089,1932,1653,1592,1775,2636,1281,936,414,105,34651,48201,9689,51223,5723,15807,3100,20515,1548,9029,993,2245,5181,7464,692,995,619,808,1094,1139,843,819,397,58,43796,57992,21512,6949,25785,36652,27648,44122,34463,33563,30781,14847,19882,2782,8122,336,19197,13632,11277,9665,7503,2654,1612,2355,2045,661,1432,310,5565,5107,1820,3558,458
19143,1.5138,50622,30970,30964,27865,3099,6,19652,30964,28798,17258,17258,15708,4726,3810,8113,6642,27265,10858,1094,9583,1566,1713,2451,34.8,27865,10904,6620,5566,1009,3766,27865,0,749,944,434,2640,2111,826,1792,3532,9518,2322,1683,1314,27865,22536,4136,1174,19,26259,3800,2268,2716,3265,3551,4120,2710,2492,656,681,38928,56248,18910,63309,7885,15331,4781,17469,2703,9654,1661,2526,8682,13196,1068,759,1170,1720,1980,2391,1536,1433,554,585,49227,70586,24421,13063,27108,39646,31738,48293,42655,63565,58804,33122,33404,4761,14668,676,40227,29494,26699,24400,19506,6102,2299,2795,2411,741,1771,384,10733,9421,3311,7056,1312
19144,1.0048705882352942,37532,22499,22369,19692,2677,130,15033,22369,20941,12672,12634,11436,3686,3004,6045,5014,19308,9337,1536,5106,758,545,2026,35.6,19692,9053,3953,3989,737,1960,19692,18,492,780,302,1941,877,406,1482,2718,7006,1775,661,1234,19692,15996,2768,902,26,19792,3131,1955,2586,1781,2343,2665,2084,1712,850,685,37322,58561,13790,67944,5663,16318,3327,17057,2572,9172,1278,2103,6578,9110,708,541,861,934,1143,1394,1298,1064,573,594,55833,80109,26160,10682,21843,38121,31598,50379,46108,46101,43682,24829,23706,2419,11311,285,29062,20726,18315,17328,14299,3813,987,2411,2070,885,1211,341,8336,7601,2894,5190,735
19145,2.0289411764705885,37071,24411,24411,21919,2492,0,12660,24411,19785,12303,12303,11098,2873,2242,5544,3991,21682,8090,2192,6054,1461,1559,2326,28.3,21919,8773,4475,4508,1287,2876,21919,57,664,1741,712,1440,1542,373,1569,2635,6035,2332,1522,1297,21919,18259,2843,804,13,18976,1521,936,1846,1381,2282,3783,2479,2883,1125,740,59216,76271,14492,80919,5475,18140,3949,22280,1581,10122,1169,3965,3945,10484,583,431,733,793,1153,1901,1770,1772,741,607,70739,86825,32902,8492,48394,60999,40154,53524,50168,45033,42216,28375,18832,2817,9399,261,28939,22773,20739,19241,16657,3085,1498,2034,1634,870,838,400,6166,5699,2984,3141,467
19146,2.0519529411764705,34197,26588,26554,24554,2000,34,7609,26554,17318,12934,12934,12097,3184,2791,3770,3039,23922,6728,1621,4889,4683,2602,3399,29.9,24554,15474,3281,3839,481,1479,24554,0,426,1353,191,1756,1002,886,2298,3714,8614,2262,1132,920,24554,21078,2651,785,40,18101,943,708,1331,1045,1369,2756,1827,3089,1852,3181,86372,122699,15477,128503,3018,18775,2109,28907,900,9781,603,4771,2626,8089,271,145,523,512,512,1202,566,1406,797,2155,108108,148170,56277,10012,74909,99565,58045,75438,68927,40811,38725,30359,11104,2086,7479,217,29522,25557,23702,22476,20934,1943,1226,1855,1424,853,653,431,3965,3765,2029,2071,200
19147,2.0878823529411767,33304,25758,25716,24232,1484,42,7546,25716,17273,12596,12576,12122,2725,2257,3515,2595,23769,6747,1355,4281,3966,2499,4921,30.0,24232,16343,2752,3728,460,949,24232,32,623,1780,299,1794,533,732,2165,4504,7496,2476,940,858,24232,20877,1930,1405,20,18970,873,667,1130,1263,1435,2300,2215,3274,1919,3894,93996,139868,16168,138692,3990,20524,2826,32608,489,8273,468,3159,1700,8501,132,243,213,466,447,655,880,1318,1146,3001,147070,195445,68235,10469,71138,93822,62546,83415,72075,39269,37169,31791,9355,2100,6540,166,27937,24547,23260,21882,20737,1352,1378,1287,1033,773,289,254,3390,3112,1929,1621,278
19148,2.0423529411764707,41139,26995,26995,24994,2001,0,14144,26995,20199,12005,12005,11331,3451,2360,7017,5155,24339,7947,2492,6246,1805,1956,3893,28.6,24994,10516,4867,4786,2002,2823,24994,66,1814,1571,869,2196,1079,585,1022,3411,5574,3678,1865,1264,24994,20953,2575,1439,27,20449,1342,781,1608,1889,2364,4035,2736,2990,1576,1128,63497,81111,16381,85035,6161,17122,3642,17898,887,10164,1563,3469,4455,12034,945,213,705,1156,1361,2082,1433,2238,1048,853,68992,89091,32959,8415,51945,63147,41805,53415,57323,50857,45098,29252,20825,5759,11187,555,32115,25376,23511,20155,17591,2983,3356,1865,1606,857,783,259,6739,5325,1877,3670,1414
19149,1.031764705882353,44731,29836,29836,26749,3087,0,14895,29836,22402,13936,13936,12598,5493,3570,10638,7172,25919,14974,4094,4302,833,617,1099,35.8,26749,5924,7698,6206,2793,4128,26749,10,2471,1874,733,3499,1546,396,1308,1969,7073,2929,1762,1179,26749,23030,1984,1690,45,19381,1416,701,2585,1915,2901,4190,2174,2250,749,500,50592,64532,16123,65757,4458,16839,2591,19132,1810,9582,815,3255,5327,13590,920,561,1497,1407,2078,2716,1580,1973,498,360,52107,66223,21827,5791,35067,48032,29426,39929,39436,59899,51002,27783,29189,8897,17667,1304,36667,28372,25436,20370,16311,5045,5066,2936,2172,829,1442,764,8295,6619,2269,4870,1676
19151,2.001694117647059,24670,15769,15756,14630,1126,13,8901,15756,12980,8244,8244,7718,2111,1190,5227,4000,14258,7464,1001,4102,443,437,811,34.5,14630,5509,3939,3089,389,1704,14630,0,206,453,62,1378,1367,229,730,1485,5588,927,1065,1140,14630,11852,2517,261,0,12766,1672,661,1048,993,2075,2067,1707,1424,705,414,49337,65475,9909,67872,3842,16332,2362,26970,860,11566,504,1364,2784,7206,488,440,345,461,875,1256,1356,996,618,371,68932,80449,27857,5560,35301,42544,36565,51669,41700,31802,30110,20938,13231,1692,8158,140,19510,14725,13650,12583,10394,2673,1067,1075,1005,636,414,70,4785,4386,2224,2491,399
19152,2.015176470588236,28760,17424,17424,16345,1079,0,11336,17424,14432,8016,8016,7634,2529,1938,5053,3792,15365,9867,2047,1463,577,302,1109,34.4,16345,5013,3338,4014,1253,2727,16345,8,1040,1236,471,1614,1416,242,1055,1313,4373,1780,639,1158,16345,13285,2194,843,23,13456,876,598,1453,1125,2061,2257,1611,1902,1052,521,56835,75109,10109,79395,4615,19988,3035,20588,854,13389,451,4006,2479,8308,131,354,653,591,1107,1495,1166,1586,812,413,71096,88565,29204,5148,38839,51631,37335,51740,45680,34735,31725,21328,14511,3010,8116,461,20978,16409,15532,13718,11679,2290,1814,877,759,346,427,118,4569,3959,1586,2646,610
19153,2.004094117647059,10827,6947,6947,6261,686,0,3880,6947,6232,3756,3756,3444,303,271,1579,1417,5989,3262,389,1798,46,182,312,31.9,6261,1693,1901,1446,191,1030,6261,21,83,137,265,544,883,13,276,633,2083,466,468,389,6261,5071,1071,92,27,5682,432,383,622,626,447,1300,871,876,67,58,57830,61133,4640,55187,2058,19695,1342,29955,376,8020,192,3937,879,2942,117,78,287,335,235,814,484,493,41,58,64095,69841,27831,2740,41864,51312,31436,58409,42732,12810,12201,9150,5932,609,2573,34,7879,6574,5938,5650,4810,958,288,636,555,361,355,81,1305,1150,674,756,155
19154,2.0384,26962,17771,17744,16597,1147,27,9191,17744,14149,8673,8662,8162,3238,2480,4874,4005,16205,11964,1370,850,285,456,1280,32.2,16597,6379,3008,3722,1672,1816,16597,22,1465,1119,424,1578,967,170,1024,1897,4704,1171,551,1505,16597,13647,2443,499,8,12760,695,201,547,1048,1379,2220,1957,2731,1017,965,79833,95078,9851,100953,4200,20289,3403,25959,952,11651,308,1360,1657,8736,199,74,92,481,876,1462,1605,2213,819,915,92984,111850,35294,4024,39543,52656,46314,60323,57665,34629,32560,25041,12124,2069,8558,176,20636,16741,15808,14582,13456,1625,1226,933,602,306,345,331,3895,3560,2145,1827,335
19301,2.0268941176470587,6156,3654,3613,3438,175,41,2502,3613,3133,1572,1572,1492,372,216,1195,706,3442,2188,319,181,63,19,672,26.7,3438,2275,211,565,151,236,3438,13,194,310,59,284,22,93,486,474,1117,163,172,51,3438,3122,154,162,0,2913,83,8,120,147,249,452,298,413,345,798,106845,159272,2269,157632,1101,24991,851,31732,60,7308,39,N,125,1952,49,0,23,43,128,269,208,250,231,751,151364,195682,63501,961,62550,82055,64340,107750,73942,7378,7121,6256,2267,257,1630,128,3930,3075,2961,2918,2815,111,43,114,96,80,16,18,855,787,660,155,68
19311,1.0046588235294118,8113,5664,5664,5585,79,0,2449,5664,4091,2566,2566,2550,1106,555,2069,1537,5510,3783,424,46,55,108,1094,25.8,5585,2857,735,819,758,416,5585,794,284,462,199,535,249,88,535,963,884,289,175,128,5585,5077,382,126,0,3414,8,37,31,166,247,418,329,602,294,1282,140188,175062,3014,169667,702,24168,614,49698,137,8692,42,1443,130,2706,61,35,38,46,134,276,254,433,240,1189,174861,190521,56080,708,90625,109054,48750,93031,78750,11001,9899,8381,2521,1102,3400,259,6404,5218,5158,4414,4356,152,744,60,60,43,17,0,1186,1087,664,461,99
19312,2.029364705882353,9413,5883,5883,5655,228,0,3530,5883,5026,2641,2641,2495,515,355,2212,1425,5526,3258,247,321,103,319,1278,27.8,5655,4087,213,1061,147,147,5655,0,125,729,205,349,98,107,1120,1070,1310,255,226,61,5655,5043,263,349,0,4318,189,42,214,169,191,317,214,531,473,1978,174583,237733,3543,246599,1102,28265,819,40554,101,13144,104,8940,38,3427,109,27,68,72,131,166,160,471,405,1818,217784,271611,88056,891,60694,103274,88955,166779,93606,11736,11642,10802,2372,94,3053,0,6706,5039,4820,4778,4659,203,42,219,202,202,0,17,1667,1632,1576,107,35
19317,2.058164705882353,8614,5591,5591,5489,102,0,3023,5591,4601,2661,2661,2634,496,432,2050,1134,5420,3940,267,138,112,111,852,32.0,5489,3458,446,971,168,446,5489,126,191,620,123,338,166,154,718,1068,1235,373,280,97,5489,4700,357,413,19,4012,15,47,167,191,216,361,406,844,453,1312,130921,193236,3260,202403,1239,26146,930,34684,46,21420,34,N,42,3003,7,0,65,22,181,113,313,640,417,1245,165446,230519,70796,1009,65794,80817,66535,116691,84250,10813,10560,9811,2378,253,2706,19,6265,5091,4994,4805,4671,195,189,97,86,81,11,11,1174,1140,1114,150,34
19320,2.0067764705882354,43910,29608,29608,27958,1650,0,14302,29608,22585,13977,13977,13203,3539,2283,8301,6154,27547,21323,2147,753,229,351,2744,30.0,27958,10361,4795,6621,2849,3332,27958,324,2160,3120,484,3158,1175,497,2169,3434,7188,1791,1601,857,27958,23618,2759,1527,54,19960,557,473,1144,1140,1841,3971,2772,4099,2194,1769,82158,101748,16128,100203,6863,23069,5044,27510,1174,12337,870,4898,2494,14478,470,191,418,535,1243,2730,1965,3312,2035,1579,96484,113524,38081,5482,52671,66140,41180,62117,49050,54339,51422,38246,20565,2917,12752,206,33278,26678,25253,23420,21120,3088,1833,1425,1218,697,566,207,6600,5949,2936,3530,651
19333,2.0183529411764707,6011,3921,3921,3788,133,0,2090,3921,3090,1715,1715,1634,438,239,1680,940,3697,2756,107,215,16,0,603,25.9,3788,2899,264,522,30,73,3788,4,144,302,101,103,63,7,725,1174,974,125,48,18,3788,3216,215,349,8,3055,146,25,30,154,114,384,390,419,266,1127,122835,206962,2516,210830,883,27796,616,34620,0,-,29,N,33,2077,65,0,0,49,33,205,137,313,247,1028,199390,263635,80600,978,60735,85900,84649,117466,81077,7917,7806,7114,1599,111,2244,72,4425,3439,3360,3338,3194,152,22,79,79,71,8,0,986,969,926,77,17
19335,2.012141176470588,40479,29795,29795,28497,1298,0,10684,29795,21101,14249,14249,13575,3317,2551,8762,6447,27998,19802,1574,499,245,325,5553,28.1,28497,16125,2955,6432,817,2168,28497,69,1170,3544,755,2806,1297,842,3547,5130,6119,1438,1039,741,28497,24606,2388,1503,0,19489,298,262,799,980,1318,2213,2139,3859,3084,4537,121146,147358,17160,146368,4896,24490,3689,32869,383,14345,297,7217,714,14270,92,86,273,451,503,1103,1454,3348,2860,4100,147060,169830,56315,5219,53999,82155,58249,88798,69599,51083,49781,43978,11005,1302,13034,246,30968,26850,25662,24913,23999,1288,749,1188,1073,783,312,115,4118,3926,3455,719,192
19341,2.019764705882353,15715,11094,11086,10650,436,8,4621,11086,7825,4659,4659,4518,1835,1095,2912,2104,10448,7640,472,391,44,40,1861,26.5,10650,6640,1197,1753,469,591,10650,55,441,1235,296,842,333,269,1245,2416,2005,717,535,261,10650,9300,691,647,12,8182,197,31,255,391,285,1060,1265,1879,1032,1787,112443,143989,7061,141700,2419,25272,1733,33789,219,9906,57,8498,83,5747,46,0,48,199,102,492,785,1469,907,1699,127309,171930,59555,2435,64544,75462,58701,99507,52076,19950,18962,17102,4583,988,5021,330,11510,9623,9195,8930,8850,253,265,428,207,207,0,221,1887,1782,1505,320,105
19342,2.0487058823529414,18169,9622,9622,9122,500,0,8547,9622,8898,4456,4456,4233,783,547,3535,2871,9020,6461,582,171,86,23,1697,30.5,9122,5944,791,1597,540,250,9122,28,713,641,190,707,231,176,1353,1370,2551,607,349,206,9122,7834,568,687,33,7833,141,105,529,381,347,911,785,1326,1016,2292,124895,154885,5395,173542,3293,25786,2424,32554,145,12513,133,3427,217,5048,0,1,129,5,207,454,564,862,923,1903,159905,189470,56215,2785,60239,89239,63924,112967,83283,19310,18414,16286,5475,896,4615,412,10109,8677,8258,8029,7906,225,229,419,256,213,55,163,1432,1345,1106,291,87
19348,2.0328235294117647,18678,11894,11891,11433,458,3,6784,11891,9579,5642,5642,5451,1291,865,3592,2681,11215,8306,825,42,358,123,1561,23.3,11433,5189,1602,2269,1433,940,11433,1297,468,1044,484,1231,288,142,1163,1628,2226,832,403,227,11433,10047,884,458,44,8939,86,110,369,817,592,1268,1111,1768,1116,1702,103075,148963,6971,145417,3282,26599,2667,42408,67,10509,170,1954,315,6569,116,53,103,287,352,720,823,1525,982,1608,127329,171033,58584,2370,50985,81874,44661,79346,62981,22808,21416,17482,7498,1392,5458,120,12465,10366,9956,8888,8459,671,1068,410,363,273,90,47,2099,1942,1560,468,157
19355,2.032188235294118,22301,15510,15501,15027,474,9,6791,15501,11421,6926,6926,6666,1730,1161,4895,3261,14903,10207,769,681,85,395,2766,25.1,15027,9848,1183,2920,524,552,15027,126,636,1545,419,1101,223,432,2153,3810,2778,946,631,227,15027,13361,839,797,30,10707,174,120,428,200,469,1018,1044,2156,1374,3724,143969,193548,9192,187596,2746,25895,2168,46156,239,9722,187,14383,157,7860,60,86,76,86,292,678,538,1685,1129,3230,164712,219844,74262,2847,83676,116274,72005,114898,74518,28171,27458,24759,6032,713,7019,15,16948,13904,13514,12977,12723,408,537,390,369,304,77,21,3044,2913,2617,374,131
19380,2.0324705882352943,42049,28735,28703,27673,1030,32,13314,28703,21980,13628,13628,13175,2900,2175,6867,5370,27073,20131,1211,410,701,169,4451,26.5,27673,16841,2665,5769,1163,1235,27673,148,1697,2515,704,2509,941,686,3139,5785,6444,1439,930,736,27673,23368,2627,1673,5,20741,325,417,1117,1169,1297,2449,2397,4357,2702,4511,115650,145583,16438,148846,6721,25694,5524,34991,443,11004,355,2057,539,13582,63,191,256,269,546,1151,1527,3064,2267,4248,144837,182163,60492,7159,61062,72803,60066,92790,70103,50244,49082,43035,13932,1162,10459,93,29279,25195,24471,23801,23129,958,670,724,719,522,206,5,4084,3725,3036,954,359
19382,2.010941176470588,43779,29004,29004,27626,1378,0,14775,29004,21641,13280,13280,12851,3017,2007,6830,4968,27285,20359,984,223,1122,542,4055,25.9,27626,15831,3653,5713,1012,1417,27626,172,1498,2601,1239,2650,519,616,3158,4413,6847,2339,1087,487,27626,23708,2242,1614,62,20216,815,487,968,993,1423,2535,2150,3692,2210,4943,109470,148068,16781,145935,6055,25993,4546,31108,598,11669,262,3822,869,12530,142,189,180,180,637,1125,1139,2776,1787,4375,146768,187625,58016,7686,55359,80908,50717,94219,64884,50370,48714,43217,12030,1656,10467,69,31043,25774,24577,23577,23193,720,1000,1197,1069,644,442,128,5269,4870,3846,1317,399
19401,2.038117647058824,33577,23356,23356,21914,1442,0,10221,23356,17438,11703,11703,11131,3940,2966,5314,3616,21408,14428,2525,1453,900,265,1837,27.2,21914,7737,4501,4635,1859,3182,21914,1,1304,2329,623,3537,894,332,1574,2818,4658,1920,1139,785,21914,19311,1725,734,144,16862,844,884,1707,2027,1829,2800,2791,2138,972,870,60334,75948,13915,75233,4770,18686,3153,20749,1397,11118,799,3636,3772,9988,317,283,862,1196,930,1674,1933,1418,692,683,70296,84739,30880,6874,40811,57986,33411,50962,42544,42022,37473,24745,17449,4549,10156,545,26471,21211,19927,17029,14733,2914,2898,1284,858,370,504,426,5260,4607,1993,2958,653
19403,2.011435294117647,37332,24859,24651,23209,1442,208,12473,24651,19631,12421,12421,11829,2407,1684,4876,3636,23082,17839,1614,270,86,148,3125,28.7,23209,11438,3086,5289,1361,2035,23209,73,1386,2438,529,2138,939,432,2375,4075,5606,1489,1001,728,23209,20359,1816,1018,16,18542,486,524,1116,995,1557,3045,2622,3681,2233,2283,89224,110122,14690,109527,6507,23393,4622,29426,754,11948,263,2209,851,11275,229,150,267,470,579,1498,1663,2765,1728,1926,115634,129957,47189,7267,54661,76937,50543,78180,58894,43166,41484,36274,12641,1682,7901,354,26430,22090,20770,19866,18998,1208,904,1320,1140,996,173,180,4340,4160,3162,1425,180
19405,2.003529411764706,3851,2959,2959,2846,113,0,892,2959,1798,1300,1300,1256,361,123,572,547,2808,2009,144,211,174,65,205,23.5,2846,920,401,726,293,506,2846,0,350,245,10,432,336,30,153,242,497,240,139,172,2846,2403,286,157,0,2022,92,114,89,169,204,385,289,395,151,134,73409,89966,1821,90710,373,15936,195,26172,111,10259,81,N,144,1073,138,67,5,53,51,101,206,282,94,76,94238,99138,39066,949,47169,68777,47975,55406,48864,4749,4369,3336,1621,380,993,53,3327,2769,2656,2424,2175,362,232,113,63,63,0,50,558,513,210,348,45
19406,2.026117647058824,23422,17168,17085,16116,969,83,6254,17085,11786,7792,7792,7272,2350,1490,3053,2457,15998,11420,912,360,183,154,2969,24.6,16116,9437,1620,3372,510,1177,16116,6,490,1561,499,1613,473,313,1911,3103,3670,1275,738,464,16116,14549,1108,454,5,12322,344,118,538,595,938,1905,1867,2999,1501,1517,97805,114455,10518,115343,2910,24044,2226,27185,191,12920,162,4159,389,7086,109,28,85,243,382,823,1171,1994,1169,1082,111954,131031,50464,5236,67148,90612,55571,82097,62353,28255,27366,24498,6250,889,5766,114,17988,15733,14824,14386,14013,724,438,909,748,688,77,161,2255,2102,1732,419,153
19422,2.023505882352941,15936,10057,10057,9506,551,0,5879,10057,8304,4781,4781,4481,1179,857,3302,2537,9337,6685,416,213,98,78,1847,31.4,9506,5947,861,1912,169,617,9506,22,274,1476,270,797,251,260,1134,1769,1943,715,400,195,9506,8475,505,519,7,7698,128,30,176,497,588,815,718,1259,954,2533,133722,191321,5919,199246,2843,27062,2345,46885,183,9643,100,9906,79,5700,54,0,84,168,371,490,399,966,785,2383,170909,225181,74408,1998,69167,91245,73719,127163,84427,19779,19320,17366,4850,459,4948,117,10473,8822,8359,8180,8080,137,179,463,377,344,33,86,1651,1582,1479,191,69
19425,2.034235294117648,12807,9154,9154,8875,279,0,3653,9154,6521,3994,3994,3808,1321,847,3961,2919,8817,5534,315,237,15,121,2595,30.2,8875,6170,638,1545,259,263,8875,61,302,1029,393,637,130,270,1229,2586,1485,434,197,122,8875,7896,451,517,11,5718,79,40,77,85,221,284,313,1295,539,2785,190089,230984,5234,222724,1030,28050,929,43125,70,6839,30,N,77,4981,34,0,17,31,74,216,293,1139,487,2690,209475,248182,75646,737,53894,106993,97079,127379,101024,17394,16917,15804,2293,477,5693,160,10107,8334,8149,7932,7875,119,217,185,150,123,27,35,1773,1724,1539,239,49
19426,2.0183529411764707,36020,21628,21576,20572,1004,52,14392,21576,16297,10397,10397,9975,2184,1504,5997,4846,20432,14195,1222,189,504,244,4078,29.6,20572,11758,2347,4360,966,1141,20572,41,640,3004,662,1548,813,350,2577,3588,4329,1752,729,539,20572,17837,1808,879,48,12968,207,171,233,416,747,1251,1670,2447,1951,3875,135239,172198,11054,175794,3206,25435,2766,33736,356,11118,230,6791,304,10148,72,87,129,139,164,674,1218,2173,1723,3769,162188,198859,53196,2820,59167,71444,55037,106641,72708,37334,36652,33630,6977,682,9281,98,23409,19418,18672,18176,17770,678,496,746,737,516,221,9,3991,3940,3491,757,51
19428,2.028588235294118,17533,13982,13957,13235,722,25,3551,13957,8658,6689,6689,6474,1165,856,1552,1259,13024,9297,386,538,301,80,2422,27.4,13235,8235,1416,2293,655,636,13235,59,770,1127,284,1157,337,382,1561,2424,3514,810,476,334,13235,11713,1045,477,0,9270,104,148,498,324,698,1352,1350,1926,1229,1641,103349,128423,8231,130018,1879,22641,1543,23379,192,12353,29,2824,469,4783,103,60,100,175,279,574,480,980,801,1231,133453,153018,60207,4487,85391,100363,64984,84570,68121,20103,19502,17638,3929,601,2921,79,14668,13255,12580,12250,11877,550,330,675,607,492,115,68,1413,1326,928,434,87
19437,2.0336000000000003,1094,502,502,502,0,0,592,502,535,175,175,175,34,10,305,72,502,287,7,37,41,0,130,37.2,502,372,34,79,17,0,502,0,28,41,0,35,0,50,99,71,149,29,0,0,502,408,50,0,44,379,0,0,0,14,27,0,0,98,62,178,188309,345098,309,361855,70,31466,105,42786,0,-,0,-,0,365,0,0,0,14,13,0,0,129,45,164,186472,345781,101256,14,"",N,96705,185167,-,1359,1334,1261,190,25,357,0,867,498,498,477,477,0,21,0,0,0,0,0,369,365,358,55,4
19438,2.0074117647058825,20164,14323,14323,13910,413,0,5841,14323,10370,6807,6807,6594,1421,911,3975,2704,13671,10066,1133,158,238,67,2009,29.1,13910,6786,1825,3311,735,1253,13910,16,1041,2175,525,1439,95,280,1369,2044,3075,899,575,377,13910,12282,1032,567,29,9236,151,48,291,406,660,1067,875,1901,1437,2400,127614,154742,7844,149654,2777,25178,2357,43444,218,8327,76,4364,299,7227,65,29,108,230,349,615,755,1532,1311,2233,148694,174391,58141,2009,62791,79106,60415,91396,72894,24694,24310,21733,6081,384,5892,48,14689,12668,12347,12154,11895,508,193,321,284,199,85,37,2021,1915,1684,440,106
19440,2.0090352941176475,16406,11645,11645,11281,364,0,4761,11645,8145,5462,5462,5405,1082,864,2953,2423,11218,8412,903,201,30,205,1467,29.0,11281,5184,1417,2444,687,1549,11281,41,632,2198,480,996,305,157,965,1385,2500,684,588,350,11281,9767,868,577,69,7524,196,145,378,402,797,1201,1056,1151,1291,907,89278,111032,6362,108804,2145,24184,1768,26031,156,8811,122,2038,346,5153,25,20,130,231,307,652,845,1092,1019,832,108199,130874,42241,2371,47122,59706,48986,65556,57087,20101,19390,16794,5151,711,4483,36,12422,10797,10454,9963,9590,607,491,343,276,200,79,67,1625,1508,1142,472,117
19444,2.014823529411765,9103,6276,6261,5961,300,15,2827,6261,4850,3123,3108,2974,725,653,1520,1268,5904,4353,150,305,101,6,989,26.5,5961,3925,605,1081,217,133,5961,13,312,359,304,365,101,111,813,1023,1926,184,268,182,5961,4968,456,537,0,4764,70,70,182,208,230,505,677,795,907,1120,128469,164101,3758,161260,1613,27290,1118,39171,104,16313,43,10435,0,2978,8,11,5,45,43,152,460,532,685,1037,168375,208733,70504,1786,68696,87805,73241,94262,79926,11023,10854,9703,2877,169,2399,88,6192,5456,5289,5216,5113,204,73,167,167,145,36,0,736,736,609,162,0
19446,2.012352941176471,49650,32964,32934,31665,1269,30,16686,32934,25811,15596,15596,14949,3288,2675,8814,6879,31150,22939,2039,942,564,324,4342,28.5,31665,16626,3533,6346,1839,3321,31665,36,1378,5480,924,3361,1063,672,3131,4545,7225,1961,1432,457,31665,28477,1967,1199,22,23608,557,457,1221,1435,2078,3564,3358,4485,2646,3807,92541,125152,18445,129294,7962,24770,5833,32775,708,12914,519,2567,1101,15990,106,92,365,616,1092,2192,2299,3514,2180,3534,115992,148668,49291,7618,53413,73027,54257,75238,64947,59623,57046,49343,17457,2577,13343,454,34016,29168,28158,26547,25710,1519,1611,1010,869,689,230,141,4848,4477,3426,1328,371
19454,2.0056470588235293,22860,15429,15384,14581,803,45,7431,15384,11781,7440,7440,6966,1390,1122,4294,3353,14402,10594,937,510,353,120,1888,29.9,14581,8305,1613,2909,628,1126,14581,15,708,2169,398,1339,381,180,1478,2654,3187,997,809,266,14581,13041,836,689,15,11178,341,213,459,675,767,1553,1447,2001,1412,2310,101117,139007,9018,142645,3677,23991,2625,30892,323,10899,123,2082,412,7326,54,7,119,251,381,867,939,1432,1185,2091,132527,172453,55730,3852,56548,74192,54845,87145,67407,27578,26886,23641,7119,692,6107,80,16390,13870,13282,12823,12408,571,459,588,559,489,96,29,2520,2396,2126,490,124
19456,2.014823529411765,122,103,103,103,0,0,19,103,70,51,51,51,18,18,26,26,84,39,26,0,0,0,19,N,103,39,45,19,0,0,103,0,0,19,0,0,0,20,0,19,32,0,0,13,103,51,32,20,0,71,0,0,0,0,19,0,0,33,0,19,129563,134130,52,161492,19,N,19,N,0,-,0,-,0,52,0,0,0,0,0,0,0,33,0,19,-,169388,56638,19,"",N,-,-,-,166,166,166,19,0,44,0,103,103,103,103,103,0,0,0,0,0,0,0,0,0,0,0,0
19460,2.031623529411765,35076,25417,25382,24305,1077,35,9659,25382,17048,11777,11777,11270,3039,2163,5469,4268,23872,17182,1408,198,466,271,4347,28.1,24305,13903,2985,4728,1360,1329,24305,147,1108,2925,872,2164,866,506,3123,4343,5069,1512,1080,590,24305,20992,2076,1156,81,17208,687,275,686,826,1401,2019,2067,3489,2340,3418,107031,142976,14243,147708,4658,22436,3475,31179,508,12237,551,3329,1039,10870,228,95,223,313,718,951,1132,2290,2033,2887,137716,175426,58125,6338,69470,84597,58141,82585,65296,42659,40854,35647,10589,1805,9207,281,26967,23188,22282,21199,20414,1199,1083,906,694,381,316,212,3779,3592,2612,1267,187
19462,2.031341176470588,12717,8880,8880,8529,351,0,3837,8880,6464,4027,4027,3858,1123,853,2277,1883,8461,6002,566,326,14,55,1498,26.7,8529,5126,747,1670,381,605,8529,15,419,679,193,763,242,397,740,1708,2119,435,477,342,8529,7252,854,398,25,6347,131,121,243,335,533,701,622,1279,1194,1188,117587,133907,5285,134256,2177,25420,1437,31674,145,13283,82,6443,172,4531,33,4,79,156,195,404,468,1107,1028,1057,141625,156848,52786,1816,53571,74252,60345,84272,70467,15715,15367,13745,4173,348,3573,72,9107,7928,7605,7472,7265,403,133,323,273,234,39,50,1179,1086,932,285,93
19464,2.012,38504,26979,26921,25251,1670,58,11525,26921,19936,13490,13490,12681,3147,2425,7519,5621,24614,19181,1875,280,513,402,2363,28.9,25251,7983,4939,6196,2055,4078,25251,72,1623,3419,628,3166,1414,465,1880,3187,5686,1829,1190,692,25251,22464,1846,924,17,18586,638,730,1939,1391,2020,3485,2694,3208,1208,1273,67891,85833,15026,88993,5562,21728,3875,19023,1074,12233,632,5154,2587,12557,486,311,653,571,1163,2761,1882,2439,1139,1152,83098,99310,33937,6029,36705,50686,39924,56717,47760,47779,45755,33475,18473,2024,11788,156,29257,24485,23026,21667,19444,2834,1359,1459,1308,711,604,151,4772,4416,2185,2751,356
19465,2.0158823529411767,15009,10446,10384,9923,461,62,4563,10384,7640,4856,4856,4706,1061,729,3078,2333,9792,7308,656,22,81,115,1610,29.3,9923,4824,1216,2100,849,934,9923,33,762,1465,222,990,553,155,879,1560,2003,677,449,175,9923,8424,863,622,14,7244,227,82,253,456,694,1012,1038,1436,859,1187,94949,129323,6081,127902,2174,22410,1750,25006,201,13337,81,5093,344,5357,149,44,84,226,353,594,708,1249,822,1128,113987,151367,50452,1887,50699,61059,50189,79635,60357,18497,17749,15390,4733,748,4353,67,11143,9285,8884,8400,8063,492,484,401,354,354,13,47,1858,1708,1217,603,150
19468,2.0169411764705885,21707,15835,15831,15412,419,4,5872,15831,11758,7887,7887,7648,1604,984,4034,3244,14978,11962,887,67,153,147,1762,29.1,15412,7603,1975,3384,870,1580,15412,16,759,1875,349,1696,866,379,1641,2308,3498,1042,501,482,15412,13222,1525,562,103,10572,140,171,492,488,1082,1759,1965,1825,1221,1429,89661,113310,9107,114267,3000,21881,2510,22427,220,8241,223,4584,398,7421,8,74,235,279,589,960,1335,1568,1077,1296,109063,130612,45304,3151,54890,68259,49723,77683,63010,26353,25804,22000,6946,549,6056,100,16605,14266,13906,13638,12621,1159,268,360,310,209,101,50,2339,2216,1583,828,123
19473,2.019905882352941,13738,9523,9512,9149,363,11,4215,9512,6869,4318,4318,4158,510,396,4073,3372,8975,7038,599,35,15,91,1197,32.4,9149,4864,1197,2010,560,518,9149,46,447,1361,180,1054,188,151,1062,1244,2289,489,428,210,9149,8109,779,261,0,6424,154,103,462,335,327,586,528,1539,745,1645,120768,148066,5432,149126,1558,23428,1368,37187,185,14664,125,4940,314,4864,60,54,259,182,230,314,410,1161,601,1593,129688,169739,54140,1560,57331,73791,60071,93418,70252,17486,17167,15210,3992,319,4860,28,10504,8794,8542,8356,7890,575,186,252,208,193,15,44,1710,1671,1302,485,39
19474,2.0264705882352945,337,323,323,323,0,0,14,323,190,176,176,176,0,0,29,29,323,263,29,0,0,0,31,31.5,323,165,75,45,0,38,323,0,0,67,0,0,0,0,30,47,104,29,25,21,323,271,52,0,0,215,0,0,0,31,25,51,0,43,44,21,120029,107725,215,94773,58,22057,48,30448,0,-,0,-,0,120,0,0,0,0,25,0,0,43,31,21,122035,138796,69487,95,70809,68477,57443,-,-,337,337,306,58,0,29,0,250,250,250,250,250,0,0,0,0,0,0,0,0,0,0,0,0
19475,2.002470588235294,9185,6446,6446,6189,257,0,2739,6446,4032,2798,2798,2732,1058,818,1720,1529,6084,4514,368,17,11,37,1137,28.6,6189,3142,817,1433,336,461,6189,0,273,953,268,432,397,114,631,1007,1473,405,152,84,6189,5412,526,251,0,4814,338,114,306,263,431,539,810,596,487,930,82438,120421,3978,123661,1048,23598,713,38176,208,12557,47,1406,727,2776,143,10,119,99,109,219,396,485,440,756,128542,156142,51133,2038,53958,70344,55511,78684,63634,11322,11134,9157,3481,188,2936,0,7002,5939,5693,5633,5269,657,60,246,210,126,84,36,1063,971,636,377,92
19477,2.0324705882352943,39,13,13,13,0,0,26,13,26,13,13,13,0,0,0,0,13,0,0,13,0,0,0,N,13,13,0,0,0,0,13,0,0,0,0,0,0,0,0,0,13,0,0,0,13,13,0,0,0,26,0,0,0,0,26,0,0,0,0,0,-,N,13,N,13,N,13,N,0,-,0,-,0,13,0,0,0,0,13,0,0,0,0,0,-,N,26636,13,"",N,-,-,-,39,39,13,39,0,0,0,0,0,0,0,0,0,0,0,0,0,0,0,0,0,0,0,0
19490,2.005505882352941,232,122,122,122,0,0,110,122,125,57,57,57,0,0,89,89,122,70,0,0,0,0,52,N,122,122,0,0,0,0,122,0,0,13,0,0,0,0,0,52,57,0,0,0,122,13,0,109,0,115,0,0,0,8,0,0,42,0,0,65,-,244987,65,N,50,N,50,N,0,-,0,-,0,65,0,0,0,0,0,0,0,0,0,65,-,N,103392,50,"",N,-,-,-,273,273,273,50,0,89,0,134,122,122,122,122,0,0,0,0,0,0,0,12,12,12,0,0
19512,2.0081882352941176,13935,9177,9139,8869,270,38,4758,9139,7074,4415,4415,4281,940,585,1904,1612,8739,7525,342,37,140,32,663,28.8,8869,2882,1314,2057,1136,1480,8869,104,811,1620,318,1064,620,58,467,566,1806,633,514,288,8869,7545,787,537,0,6876,229,148,631,469,789,1471,985,1276,435,443,71780,92266,5166,91143,2493,24095,1852,20824,300,10694,122,4748,450,4696,61,56,227,305,379,1101,794,1033,376,364,80515,100801,38880,2180,45025,65633,43301,53232,52210,16481,15896,13324,5515,585,3151,41,9661,8112,7876,7483,7142,491,393,236,177,143,34,59,1549,1457,896,635,92
19525,1.001129411764706,12552,9157,9157,8962,195,0,3395,9157,6343,4360,4360,4254,1354,785,3250,2614,8838,7205,458,72,137,14,952,29.7,8962,4150,1127,2153,698,834,8962,37,645,1378,218,950,346,55,907,1264,1881,596,384,301,8962,7720,929,313,0,5598,106,30,215,180,194,696,721,1518,913,1025,124537,136105,5023,134099,1612,25029,1119,25889,214,6403,37,4949,146,4609,15,0,142,75,126,465,542,1374,868,1002,137561,150686,45091,989,64344,59914,55378,77834,65664,16812,16547,14930,3672,265,5027,0,9548,8131,7966,7781,7521,441,185,165,89,50,39,76,1417,1413,1168,366,4
