ZIP Code,success_score,Housing Occupancy - Total housing units,Housing Occupancy - Total housing units - Occupied housing units,Housing Occupancy - Total housing units - Vacant housing units,Housing Occupancy - Total housing units - Homeowner vacancy rate,Housing Occupancy - Total housing units - Rental vacancy rate,Units in Structure - Total housing units,"Units in Structure - Total housing units - 1-unit, detached","Units in Structure - Total housing units - 1-unit, attached",Units in Structure - Total housing units - 2 units,Units in Structure - Total housing units - 3 or 4 units,Units in Structure - Total housing units - 5 to 9 units,Units in Structure - Total housing units - 10 to 19 units,Units in Structure - Total housing units - 20 or more units,Units in Structure - Total housing units - Mobile home,"Units in Structure - Total housing units - Boat, RV, van, etc.",Year structure built - Total housing units,Year structure built - Total housing units - Built 2020 or later,Year structure built - Total housing units - Built 2010 to 2019,Year structure built - Total housing units - Built 2000 to 2009,Year structure built - Total housing units - Built 1990 to 1999,Year structure built - Total housing units - Built 1980 to 1989,Year structure built - Total housing units - Built 1970 to 1979,Year structure built - Total housing units - Built 1960 to 1969,Year structure built - Total housing units - Built 1950 to 1959,Year structure built - Total housing units - Built 1940 to 1949,Year structure built - Total housing units - Built 1939 or earlier,Rooms - Total housing units,Rooms - Total housing units - 1 room,Rooms - Total housing units - 2 rooms,Rooms - Total housing units - 3 rooms,Rooms - Total housing units - 4 rooms,Rooms - Total housing units - 5 rooms,Rooms - Total housing units - 6 rooms,Rooms - Total housing units - 7 rooms,Rooms - Total housing units - 8 rooms,Rooms - Total housing units - 9 rooms or more,Rooms - Total housing units - Median rooms,Bedrooms - Total housing units,Bedrooms - Total housing units - No bedroom,Bedrooms - Total housing units - 1 bedroom,Bedrooms - Total housing units - 2 bedrooms,Bedrooms - Total housing units - 3 bedrooms,Bedrooms - Total housing units - 4 bedrooms,Bedrooms - Total housing units - 5 or more bedrooms,Housing tenure - Occupied housing units,Housing tenure - Occupied housing units - Owner-occupied,Housing tenure - Occupied housing units - Renter-occupied,Housing tenure - Occupied housing units - Average household size of owner-occupied unit,Housing tenure - Occupied housing units - Average household size of renter-occupied unit,Year householder move into unit - Occupied housing units,Year householder move into unit - Occupied housing units - Moved in 2019 or later,Year householder move into unit - Occupied housing units - Moved in 2015 to 2018,Year householder move into unit - Occupied housing units - Moved in 2010 to 2014,Year householder move into unit - Occupied housing units - Moved in 2000 to 2009,Year householder move into unit - Occupied housing units - Moved in 1990 to 1999,Year householder move into unit - Occupied housing units - Moved in 1989 and earlier,Vehicles available - Occupied housing units,Vehicles available - Occupied housing units - No vehicles available,Vehicles available - Occupied housing units - 1 vehicle available,Vehicles available - Occupied housing units - 2 vehicles available,Vehicles available - Occupied housing units - 3 or more vehicles available,House heating fuel - Occupied housing units,House heating fuel - Occupied housing units - Utility gas,"House heating fuel - Occupied housing units - Bottled, tank, or LP gas",House heating fuel - Occupied housing units - Electricity,"House heating fuel - Occupied housing units - Fuel oil, kerosene, etc.",House heating fuel - Occupied housing units - Coal or coke,House heating fuel - Occupied housing units - Wood,House heating fuel - Occupied housing units - Solar energy,House heating fuel - Occupied housing units - Other fuel,House heating fuel - Occupied housing units - No fuel used,Selected Characteristics - Occupied housing units,Selected Characteristics - Occupied housing units - Lacking complete plumbing facilities,Selected Characteristics - Occupied housing units - Lacking complete kitchen facilities,Selected Characteristics - Occupied housing units - No telephone service available,Occupants per room - Occupied housing units,Occupants per room - Occupied housing units - 1.00 or less,Occupants per room - Occupied housing units - 1.01 to 1.50,Occupants per room - Occupied housing units - 1.51 or more,Value - Owner-occupied units,"Value - Owner-occupied units - Less than $50,000","Value - Owner-occupied units - $50,000 to $99,999","Value - Owner-occupied units - $100,000 to $149,999","Value - Owner-occupied units - $150,000 to $199,999","Value - Owner-occupied units - $200,000 to $299,999","Value - Owner-occupied units - $300,000 to $499,999","Value - Owner-occupied units - $500,000 to $999,999","Value - Owner-occupied units - $1,000,000 or more",Value - Owner-occupied units - Median (dollars),Gross rent - Occupied units paying rent,Gross rent - Occupied units paying rent - Less than $500,Gross rent - Occupied units paying rent - $500 to $999,"Gross rent - Occupied units paying rent - $1,000 to $1,499","Gross rent - Occupied units paying rent - $1,500 to $1,999","Gross rent - Occupied units paying rent - $2,000 to $2,499","Gross rent - Occupied units paying rent - $2,500 to $2,999","Gross rent - Occupied units paying rent - $3,000 or more",Gross rent - Occupied units paying rent - Median (dollars),Gross rent - Occupied units paying rent - No rent paid,GRAPI - Occupied units paying rent (excluding units where GRAPI cannot be computed),GRAPI - Occupied units paying rent (excluding units where GRAPI cannot be computed) - Less than 15.0 percent,GRAPI - Occupied units paying rent (excluding units where GRAPI cannot be computed) - 15.0 to 19.9 percent,GRAPI - Occupied units paying rent (excluding units where GRAPI cannot be computed) - 20.0 to 24.9 percent,GRAPI - Occupied units paying rent (excluding units where GRAPI cannot be computed) - 25.0 to 29.9 percent,GRAPI - Occupied units paying rent (excluding units where GRAPI cannot be computed) - 30.0 to 34.9 percent,GRAPI - Occupied units paying rent (excluding units where GRAPI cannot be computed) - 35.0 percent or more,GRAPI - Occupied units paying rent (excluding units where GRAPI cannot be computed) - Not computed,Cluster
18054,2.007058823529412,1827,1701,126,2.2,2.3,1827,1466,104,50,84,52,0,0,71,0,1827,10,96,212,163,255,232,142,146,73,498,1827,2,0,157,170,192,233,284,228,561,7.1,1827,2,110,358,689,514,154,1701,1368,333,3.14,2.52,1701,73,343,235,417,274,359,1701,76,326,726,573,1701,96,305,474,586,2,184,19,35,0,1701,0,7,45,1701,1677,22,2,1368,33,40,25,105,332,608,201,24,358700,309,0,88,115,76,21,9,0,1160.0,24,309,26,119,64,19,2,79,24,1
18073,2.003529411764706,4242,4080,162,2.5,0.0,4242,2471,1471,54,84,59,8,95,0,0,4242,14,483,1199,310,283,394,432,252,122,753,4242,46,69,188,174,494,1020,673,754,824,6.7,4242,46,162,926,1854,1041,213,4080,3622,458,2.64,2.31,4080,309,731,607,1304,492,637,4080,46,1080,1830,1124,4080,806,930,1057,1089,0,135,0,46,17,4080,0,0,0,4080,4034,0,46,3622,18,64,165,592,1192,1437,136,18,278600,432,0,116,188,103,5,20,0,1179.0,26,418,78,88,64,33,102,53,40,1
18074,2.005294117647059,2294,2155,139,0.9,0.0,2294,1931,307,1,45,0,0,0,10,0,2294,0,38,283,511,173,273,192,166,78,580,2294,0,0,30,84,151,403,573,481,572,7.3,2294,0,49,212,1106,862,65,2155,2098,57,2.52,1.37,2155,96,293,267,654,441,404,2155,20,528,899,708,2155,130,235,594,934,82,147,0,7,26,2155,0,0,8,2155,2155,0,0,2098,0,75,46,277,668,666,186,180,297700,31,0,10,5,16,0,0,0,1516.0,26,31,16,0,0,10,0,5,26,1
18076,2.007058823529412,1336,1264,72,1.5,3.5,1336,593,417,12,49,29,39,111,86,0,1336,0,58,319,152,193,184,144,61,30,195,1336,33,40,80,180,200,232,250,212,109,6.1,1336,33,160,245,571,316,11,1264,848,416,2.61,2.04,1264,110,312,195,336,194,117,1264,74,446,451,293,1264,309,95,544,293,0,5,0,4,14,1264,0,0,5,1264,1247,17,0,848,17,75,114,196,374,63,9,0,206200,416,72,110,70,112,52,0,0,1271.0,0,404,60,48,89,36,69,102,12,1
18901,2.026117647058824,11219,10681,538,2.7,5.4,11219,6250,2026,220,415,342,375,1277,314,0,11219,25,228,422,1781,1685,2266,1826,972,304,1710,11219,294,248,897,1118,1302,1404,1296,1288,3372,6.8,11219,315,1111,2471,3013,3358,951,10681,7635,3046,2.66,1.66,10681,968,3067,1567,2093,1627,1359,10681,852,2945,4938,1946,10681,3273,500,3125,3599,4,97,10,17,56,10681,40,203,18,10681,10595,46,40,7635,237,63,78,182,874,2944,2929,328,462900,2923,238,231,902,1021,409,62,60,1544.0,123,2893,600,255,162,222,329,1325,153,2
18902,2.010729411764706,8116,7892,224,0.2,8.3,8116,6247,1490,76,53,33,32,24,161,0,8116,0,516,1100,3372,770,921,283,308,126,720,8116,14,47,48,233,546,829,1316,1560,3523,8.2,8116,14,164,823,2171,4016,928,7892,7310,582,2.85,2.54,7892,466,1171,1625,1801,1984,845,7892,166,1625,3286,2815,7892,3741,858,1028,2052,8,88,0,68,49,7892,42,42,54,7892,7884,0,8,7310,173,57,26,25,716,2231,3698,384,536100,510,0,82,112,155,114,47,0,1697.0,72,510,56,30,48,101,22,253,72,1
18914,2.0074117647058825,7981,7757,224,0.8,4.7,7981,5308,1635,224,76,169,141,390,38,0,7981,30,659,1017,1795,1222,894,1157,701,208,298,7981,104,154,299,408,600,917,1186,1619,2694,7.7,7981,104,451,837,2808,3337,444,7757,6571,1186,2.84,2.22,7757,378,1873,1188,1948,1330,1040,7757,176,1696,3703,2182,7757,2844,189,2337,2280,0,27,6,74,0,7757,15,65,60,7757,7719,18,20,6571,93,47,149,99,1109,3383,1588,103,402700,1128,72,134,249,279,282,78,34,1695.0,58,1128,164,172,133,139,74,446,58,1
18915,2.0434823529411767,464,464,0,0.0,0.0,464,207,211,29,0,0,0,17,0,0,464,0,134,78,9,25,90,38,30,31,29,464,29,0,0,87,56,62,86,90,54,6.5,464,29,8,61,252,97,17,464,372,92,2.94,1.91,464,27,210,20,130,52,25,464,0,139,228,97,464,237,45,35,147,0,0,0,0,0,464,0,0,29,464,464,0,0,372,4,26,0,8,43,215,76,0,414100,92,17,0,10,35,12,10,8,1771.0,0,92,17,6,12,0,0,57,0,1
18917,2.027105882352941,1014,969,45,0.0,0.0,1014,544,61,26,77,175,94,37,0,0,1014,0,10,56,99,111,239,88,46,25,340,1014,10,16,115,150,194,128,89,72,240,5.7,1014,14,137,287,261,136,179,969,560,409,2.36,2.14,969,35,393,135,231,110,65,969,19,508,323,119,969,37,141,459,312,0,12,0,5,3,969,0,9,0,969,963,6,0,560,0,11,33,0,260,243,13,0,286800,406,14,31,331,30,0,0,0,1167.0,3,401,38,50,75,35,94,109,8,1
18929,2.0190941176470587,3492,3352,140,0.0,0.0,3492,2842,527,12,0,0,0,111,0,0,3492,0,63,358,1666,830,207,97,100,31,140,3492,0,33,62,28,213,479,301,563,1813,9.0,3492,0,95,339,764,2005,289,3352,3181,171,2.97,1.55,3352,276,618,561,622,914,361,3352,44,413,1942,953,3352,1767,167,1026,371,0,0,0,0,21,3352,0,0,0,3352,3352,0,0,3181,16,0,0,0,265,1111,1754,35,531000,159,21,17,73,0,22,0,26,1392.0,12,159,38,62,0,26,22,11,12,1
18938,2.025764705882353,6775,6380,395,1.7,2.6,6775,5085,805,115,141,103,86,176,249,15,6775,8,164,1242,1648,675,1006,333,391,186,1122,6775,41,175,283,532,764,800,951,896,2333,7.3,6775,53,493,1489,1725,2241,774,6380,5578,802,2.26,1.89,6380,235,1307,1112,1707,1354,665,6380,214,1868,2448,1850,6380,1862,482,2125,1697,7,114,30,48,15,6380,64,28,24,6380,6365,0,15,5578,130,67,92,215,508,1158,2430,978,606000,711,39,133,95,223,69,66,86,1698.0,91,689,109,97,35,107,51,290,113,3
18940,2.037058823529412,11871,11527,344,0.8,0.6,11871,6813,3838,68,234,293,265,326,34,0,11871,5,865,1266,2799,3346,1413,504,457,147,1069,11871,101,160,282,1077,934,1198,1887,1891,4341,7.7,11871,110,486,2298,3553,4234,1190,11527,9772,1755,2.68,1.88,11527,651,3053,1598,2665,2405,1155,11527,799,2458,5266,3004,11527,5711,741,3161,1772,1,43,27,71,0,11527,0,140,28,11527,11478,49,0,9772,44,30,24,104,1187,3358,4105,920,512400,1650,88,107,321,596,291,178,69,1759.0,105,1595,318,276,169,123,77,632,160,2
18944,2.0048000000000004,10304,9845,459,0.6,2.3,10304,6853,2165,389,309,127,178,261,22,0,10304,51,586,1468,1120,1754,1376,825,760,282,2082,10304,66,110,343,881,1210,2157,1670,1289,2578,6.7,10304,66,568,1253,4506,3346,565,9845,7930,1915,2.97,1.85,9845,581,2084,1577,2558,1546,1499,9845,251,2305,3991,3298,9845,2755,1153,2891,2714,70,170,0,48,44,9845,123,131,123,9845,9737,33,75,7930,174,38,137,354,2567,3352,1187,121,334900,1764,170,360,636,401,175,22,0,1211.0,151,1764,270,226,334,267,79,588,151,1
18947,2.0030705882352944,2519,2398,121,1.1,10.5,2519,2209,172,49,33,27,0,0,29,0,2519,0,55,220,591,450,264,215,277,0,447,2519,0,0,89,49,191,341,541,379,929,7.6,2519,0,70,157,964,1110,218,2398,2244,154,2.58,2.6,2398,32,224,379,582,533,648,2398,0,443,883,1072,2398,458,215,506,956,0,254,0,9,0,2398,0,0,0,2398,2390,0,8,2244,21,0,29,18,230,980,851,115,472000,130,0,38,49,0,31,12,0,1388.0,24,130,77,22,0,10,21,0,24,3
18954,2.013764705882353,3660,3598,62,0.0,42.5,3660,3421,148,1,11,0,0,79,0,0,3660,0,32,168,776,670,1358,335,280,27,14,3660,39,36,6,31,117,218,436,871,1906,9.0,3660,39,53,124,611,2206,627,3598,3533,65,2.79,2.32,3598,98,513,298,905,843,941,3598,9,540,2014,1035,3598,1035,98,1273,1165,0,1,0,26,0,3598,0,9,14,3598,3581,6,11,3533,12,24,0,22,116,2001,1313,45,460700,58,0,11,15,15,0,8,9,1600.0,7,58,0,32,0,0,9,17,7,3
18960,2.006035294117648,5070,4729,341,0.0,10.2,5070,2722,1309,96,214,135,148,371,75,0,5070,0,186,1008,574,881,617,400,322,186,896,5070,160,64,319,502,610,928,919,697,871,6.4,5070,177,382,1195,2107,1069,140,4729,3712,1017,2.64,1.9,4729,282,965,579,1544,616,743,4729,247,1277,1826,1379,4729,1250,589,1527,1273,20,49,0,0,21,4729,0,15,10,4729,4699,30,0,3712,30,40,152,514,1049,1498,405,24,307200,985,64,155,386,270,59,38,13,1325.0,32,960,132,147,143,12,139,387,57,1
18964,1.0144705882352942,5448,5200,248,1.7,1.4,5448,2957,1160,387,425,132,91,157,139,0,5448,0,174,531,1050,278,655,655,828,296,981,5448,105,41,448,531,638,1275,747,697,966,6.3,5448,105,579,1126,2185,1188,265,5200,3762,1438,2.79,2.36,5200,273,1354,919,1298,706,650,5200,149,1647,2254,1150,5200,1296,180,1953,1584,0,89,0,74,24,5200,0,0,0,5200,5103,47,50,3762,76,66,152,374,1333,1504,257,0,290300,1416,66,336,756,161,88,9,0,1158.0,22,1407,133,172,259,240,93,510,31,1
18966,2.0127058823529413,14706,14215,491,0.1,4.2,14706,10302,2115,139,261,633,395,804,48,9,14706,34,132,470,1243,3535,3234,2755,2413,347,543,14706,153,184,546,1314,1621,1877,2108,2942,3961,7.3,14706,188,856,2520,5265,4978,899,14215,12193,2022,2.69,1.81,14215,424,2662,2021,3367,2714,3027,14215,556,4067,5850,3742,14215,6377,203,4406,3080,15,78,0,31,25,14215,18,117,136,14215,14152,28,35,12193,191,165,103,482,2207,7001,2020,24,376600,1877,8,26,963,283,205,167,225,1477.0,145,1877,216,76,351,192,189,853,145,2
18969,2.008894117647059,6477,6250,227,0.0,8.0,6477,3498,1720,379,102,166,86,455,71,0,6477,0,387,462,1174,641,1441,732,595,112,933,6477,131,88,311,643,928,1711,772,695,1198,6.2,6477,131,402,1092,3405,1308,139,6250,5046,1204,2.57,2.02,6250,306,1064,1276,1309,865,1430,6250,457,1736,2554,1503,6250,1060,624,2218,2117,21,145,0,38,27,6250,24,63,35,6250,6167,62,21,5046,102,39,176,400,1765,2136,322,106,302600,1140,187,254,338,197,103,48,13,1214.0,64,1106,178,51,131,137,93,516,98,1
18974,2.024,17759,17264,495,1.1,2.1,17759,10198,2708,284,236,758,791,2731,53,0,17759,0,1255,2863,1400,1630,2482,4548,2287,498,796,17759,47,341,1359,2457,2298,2190,2407,2509,4151,6.6,17759,47,2022,4461,5427,4816,986,17264,12793,4471,2.57,2.02,17264,1154,3186,2635,4599,2367,3323,17264,982,5582,6897,3803,17264,9546,337,4857,2429,0,12,0,22,61,17264,20,31,140,17264,17116,148,0,12793,297,128,103,381,3337,6969,1478,100,341000,4282,346,671,1099,1074,445,209,438,1512.0,189,4246,750,496,504,384,215,1897,225,2
18976,2.0324705882352943,8345,8178,167,1.1,1.9,8345,5078,1592,128,194,135,440,778,0,0,8345,0,463,2281,1619,956,923,1091,454,214,344,8345,10,11,488,650,891,1338,1043,1373,2541,7.3,8345,10,489,2255,2097,2982,512,8178,6646,1532,2.84,1.91,8178,498,1804,1219,2435,1177,1045,8178,174,2314,3737,1953,8178,4855,137,1958,1142,0,27,0,50,9,8178,9,74,10,8178,8143,35,0,6646,179,31,27,131,880,3728,1606,64,421400,1517,0,57,757,582,121,0,0,1459.0,15,1517,145,317,141,137,52,725,15,1
18977,2.0169411764705885,1808,1758,50,0.0,0.0,1808,1556,252,0,0,0,0,0,0,0,1808,0,119,340,184,254,310,196,139,90,176,1808,0,39,18,34,68,289,251,378,731,8.0,1808,0,57,173,508,878,192,1758,1593,165,2.64,2.35,1758,106,470,312,536,132,202,1758,8,261,1150,339,1758,326,173,586,650,0,0,0,15,8,1758,0,0,8,1758,1758,0,0,1593,0,15,0,0,68,246,1071,193,630300,165,0,0,88,36,0,25,16,1328.0,0,165,16,95,36,0,0,18,0,1
19001,2.0098823529411765,6700,6407,293,0.8,9.7,6700,4790,704,392,430,56,94,215,19,0,6700,0,45,100,115,223,300,1146,2401,1061,1309,6700,114,93,543,310,654,1237,1764,945,1040,6.7,6700,114,564,710,3551,1458,303,6407,5189,1218,2.86,2.16,6407,441,1200,916,1659,938,1253,6407,466,1752,3013,1176,6407,5082,85,650,562,0,0,0,6,22,6407,47,52,0,6407,6257,150,0,5189,85,20,74,344,2514,2053,82,17,282500,1175,38,347,562,80,71,61,16,1137.0,43,930,122,88,100,181,138,301,288,1
19002,2.020823529411765,12023,11486,537,0.8,7.8,12023,7513,2432,257,355,271,367,828,0,0,12023,15,152,957,1430,1688,2135,1302,2234,492,1618,12023,133,180,623,1011,1036,1736,1516,1578,4210,7.4,12023,133,1046,1592,3779,4090,1383,11486,8976,2510,2.79,2.12,11486,567,2594,1760,3219,1813,1533,11486,576,2903,4941,3066,11486,6860,113,2414,1995,9,37,16,22,20,11486,53,100,12,11486,11375,42,69,8976,158,54,209,141,1337,3658,3100,319,443500,2301,23,226,1234,400,196,120,102,1328.0,209,2293,342,424,284,268,202,773,217,2
19003,2.015176470588236,6223,5985,238,0.0,2.1,6223,1559,3001,154,437,257,248,567,0,0,6223,0,215,207,29,258,520,599,753,766,2876,6223,61,104,599,679,906,1348,1109,792,625,6.1,6223,102,633,1505,2762,847,374,5985,3982,2003,2.48,1.89,5985,535,1893,1180,972,689,716,5985,484,2292,2667,542,5985,4052,133,1346,443,0,0,0,5,6,5985,0,0,11,5985,5877,108,0,3982,28,57,72,230,990,1816,652,137,348500,1819,65,284,710,449,201,74,36,1422.0,184,1795,444,316,111,140,94,690,208,1
19004,2.031764705882353,4243,3971,272,0.2,9.7,4243,2355,477,62,115,29,70,1135,0,0,4243,11,281,145,100,145,379,707,514,512,1449,4243,100,143,308,498,348,592,416,608,1230,6.8,4243,109,657,753,1043,993,688,3971,3104,867,2.43,2.74,3971,464,748,617,727,527,888,3971,473,1400,1757,341,3971,2738,23,793,339,10,0,0,39,29,3971,9,18,9,3971,3943,18,10,3104,80,9,82,112,208,849,1645,119,545200,833,29,113,190,313,80,23,85,1635.0,34,821,157,82,47,99,75,361,46,3
19006,2.0127058823529413,8872,8472,400,1.4,7.4,8872,6578,178,140,78,393,120,1342,43,0,8872,9,235,659,354,1023,1456,1994,2138,416,588,8872,363,59,588,860,581,900,1251,1428,2842,7.4,8872,389,758,1156,2598,3368,603,8472,6417,2055,2.97,1.87,8472,673,1466,1467,2146,1350,1370,8472,540,1873,3929,2130,8472,4338,141,2368,1438,31,50,0,59,47,8472,58,78,175,8472,8402,45,25,6417,113,24,67,82,395,3850,1791,95,433400,1953,411,305,648,457,83,5,44,1307.0,102,1871,281,201,190,187,304,708,184,1
19007,2.0072,9398,8963,435,0.3,2.9,9398,4084,2450,430,857,624,492,461,0,0,9398,0,112,267,302,410,1041,927,2478,763,3098,9398,350,202,822,1704,1437,1780,1250,856,997,5.6,9398,370,1267,2594,3828,1013,326,8963,5291,3672,2.6,2.26,8963,614,2380,1467,1855,1045,1602,8963,781,3476,2944,1762,8963,3126,152,2438,3086,17,37,0,48,59,8963,0,36,88,8963,8673,139,151,5291,147,140,608,1462,2213,650,46,25,210100,3559,222,1601,1299,336,101,0,0,989.0,113,3541,529,478,581,609,314,1030,131,1
19008,2.0090352941176475,7318,7006,312,0.7,4.9,7318,6206,160,277,188,24,100,300,63,0,7318,0,85,319,211,531,520,1298,3390,546,418,7318,104,48,147,565,492,1080,1312,1511,2059,7.4,7318,104,197,1146,3075,2479,317,7006,6023,983,2.91,2.61,7006,365,1177,856,1812,1357,1439,7006,184,1450,3682,1690,7006,4815,259,787,1064,0,14,0,14,53,7006,53,91,79,7006,6957,25,24,6023,150,16,18,129,803,3877,970,60,384200,916,0,67,469,209,115,56,0,1397.0,67,907,66,292,135,70,50,294,76,1
19009,2.002823529411765,385,355,30,0.0,16.9,385,309,3,0,13,0,0,60,0,0,385,0,0,12,15,43,56,68,49,31,111,385,7,0,41,37,14,26,38,41,181,8.2,385,7,42,41,72,80,143,355,257,98,2.9,1.7,355,8,68,53,66,63,97,355,24,86,171,74,355,139,13,72,119,0,12,0,0,0,355,0,0,0,355,355,0,0,257,3,0,0,0,19,86,129,20,551300,88,0,27,32,17,12,0,0,1383.0,10,88,0,23,16,5,0,44,10,3
19010,2.013764705882353,8400,7728,672,0.7,6.0,8400,4367,1097,177,393,261,201,1904,0,0,8400,9,134,221,418,943,1088,1203,1645,686,2053,8400,176,212,891,784,966,1033,728,1062,2548,6.7,8400,178,1069,1699,2026,2075,1353,7728,5005,2723,2.75,2.07,7728,755,2331,1342,1353,951,996,7728,421,2780,3284,1243,7728,5177,117,1858,444,0,0,13,104,15,7728,0,199,42,7728,7699,29,0,5005,48,17,110,171,393,1057,1962,1247,670500,2638,0,65,734,1039,460,119,221,1750.0,85,2614,475,265,368,283,155,1068,109,1
19013,1.0007058823529411,14809,12551,2258,1.5,2.4,14809,1247,9620,692,922,340,822,1166,0,0,14809,10,553,677,378,665,972,1680,2001,2408,5465,14809,378,113,1449,2204,1711,6160,1812,494,488,5.8,14809,398,2289,2611,8095,1088,328,12551,4490,8061,2.31,2.51,12551,1132,3712,2594,1829,1502,1782,12551,3715,5728,2387,721,12551,6495,82,3558,2224,0,38,1,53,100,12551,67,129,93,12551,12224,263,64,4490,1171,2020,862,227,122,69,19,0,72200,7895,1264,3429,2835,309,58,0,0,924.0,166,7739,959,804,671,610,832,3863,322,0
19014,2.0084705882352942,8060,7771,289,0.9,0.6,8060,5536,1698,101,108,171,205,136,99,6,8060,0,142,412,1228,811,1622,1308,1670,433,434,8060,7,66,225,740,1430,1344,1498,1374,1376,6.6,8060,7,270,1597,3777,2203,206,7771,6714,1057,2.62,2.49,7771,475,1394,990,2215,1085,1612,7771,184,2348,3301,1938,7771,4051,241,981,2384,21,10,0,29,54,7771,24,24,22,7771,7648,98,25,6714,151,108,214,1040,3297,1650,249,5,252700,1030,0,176,494,303,43,14,0,1341.0,27,1030,87,229,79,173,91,371,27,1
19015,1.017294117647059,7054,6773,281,1.1,0.7,7054,3282,2654,237,55,229,431,166,0,0,7054,0,76,367,101,685,1431,1516,1482,421,975,7054,0,118,386,706,1088,2062,1262,621,811,6.1,7054,0,652,1466,3795,1037,104,6773,5084,1689,2.46,2.45,6773,495,1612,878,1460,1144,1184,6773,369,3190,2211,1003,6773,3889,91,1580,1190,0,15,0,8,0,6773,15,15,40,6773,6655,118,0,5084,195,641,910,983,1894,342,38,81,188400,1634,180,418,743,268,25,0,0,1105.0,55,1627,273,333,137,211,187,486,62,1
19018,2.0037411764705886,10219,9603,616,0.4,5.8,10219,3583,3472,585,547,329,592,1111,0,0,10219,12,11,174,869,594,1003,1179,3007,1843,1527,10219,140,298,1299,1122,1395,2356,1639,1131,839,5.9,10219,154,1875,2040,4672,1286,192,9603,6218,3385,2.69,1.94,9603,1146,2689,1147,1835,980,1806,9603,1037,4139,2969,1458,9603,6749,192,1518,949,0,0,14,9,172,9603,49,16,126,9603,9395,122,86,6218,60,439,1665,2197,1508,282,23,44,167300,3369,34,719,2149,372,95,0,0,1150.0,16,3237,614,236,512,451,108,1316,148,2
19020,2.0091058823529413,23149,22290,859,0.3,3.8,23149,9054,4512,977,928,1720,2073,3212,673,0,23149,0,639,1538,1881,3828,7352,3883,2448,684,896,23149,533,537,3286,4728,2619,3214,2541,2697,2994,5.5,23149,543,4667,5890,7750,3623,676,22290,12878,9412,2.85,2.11,22290,1577,6631,3410,4753,2748,3171,22290,1851,7862,8355,4222,22290,9065,827,9853,2360,0,43,4,81,57,22290,61,28,259,22290,21407,601,282,12878,778,296,93,812,5029,5120,691,59,290300,9196,717,859,5171,2163,236,25,25,1301.0,216,9077,988,1037,1690,1077,747,3538,335,0
19021,2.0096,3835,3777,58,1.3,0.0,3835,2879,67,23,73,91,215,487,0,0,3835,0,44,112,235,346,751,258,1252,306,531,3835,16,154,300,463,772,789,698,281,362,5.8,3835,51,573,796,1432,815,168,3777,2710,1067,2.75,2.21,3777,170,959,519,989,266,874,3777,257,1399,1217,904,3777,1150,57,1382,1129,0,46,13,0,0,3777,9,9,17,3777,3682,95,0,2710,35,62,229,644,1434,271,10,25,218900,1024,38,264,603,100,19,0,0,1135.0,43,1019,73,80,40,124,9,693,48,1
19022,2.0483529411764705,1730,1499,231,8.3,8.4,1730,266,891,86,276,68,52,80,11,0,1730,0,26,15,72,38,96,297,353,412,421,1730,0,33,225,252,243,508,260,161,48,5.7,1730,0,425,264,824,188,29,1499,611,888,2.48,2.7,1499,127,446,179,354,134,259,1499,377,696,364,62,1499,692,26,482,293,0,0,0,6,0,1499,0,0,26,1499,1448,51,0,611,13,249,198,115,26,5,5,0,106300,853,0,393,324,123,13,0,0,1049.0,35,841,69,83,69,54,94,472,47,3
19023,1.0169411764705882,8711,7809,902,2.0,6.2,8711,1084,5627,1112,586,101,63,126,12,0,8711,23,6,188,155,252,470,903,2527,1385,2802,8711,281,29,599,676,1052,3157,1914,530,473,6.0,8711,287,663,1255,5508,786,212,7809,4185,3624,2.62,3.05,7809,705,1957,1663,2073,424,987,7809,2149,3029,1920,711,7809,5270,39,1735,681,0,13,0,58,13,7809,19,30,212,7809,7381,300,128,4185,432,1755,1167,553,200,4,38,36,96900,3583,273,1158,1531,562,59,0,0,1130.0,41,3528,333,363,699,198,269,1666,96,1
19025,2.0038117647058824,2396,2346,50,0.0,6.1,2396,1806,256,18,0,0,179,137,0,0,2396,0,221,157,452,440,145,574,211,57,139,2396,60,23,23,144,174,349,133,334,1156,8.4,2396,60,120,325,440,1124,327,2346,1948,398,2.94,1.83,2346,170,555,483,397,390,351,2346,101,390,1462,393,2346,1757,22,418,142,0,0,0,7,0,2346,0,74,21,2346,2346,0,0,1948,80,35,0,41,134,861,797,0,466800,369,0,0,68,15,147,38,101,2345.0,29,369,40,0,72,40,29,188,29,1
19026,2.011858823529412,13235,12387,848,1.6,6.2,13235,4566,4748,965,681,354,535,1376,10,0,13235,0,39,197,280,269,624,1574,3146,3395,3711,13235,294,81,1392,2025,707,2752,2623,1711,1650,6.3,13235,322,1764,2096,6135,2127,791,12387,8260,4127,2.78,1.93,12387,1173,2982,2034,2847,1358,1993,12387,944,5071,4577,1795,12387,9264,254,1810,956,20,0,0,30,53,12387,0,10,0,12387,12128,90,169,8260,181,227,1512,2344,2519,1392,85,0,195800,4063,59,1140,2436,322,37,69,0,1126.0,64,4047,338,582,939,336,398,1454,80,2
19027,2.0158117647058824,8456,8075,381,1.0,5.5,8456,3652,1122,317,1142,254,505,1449,15,0,8456,0,250,331,357,563,739,853,1504,1485,2374,8456,148,449,1098,1319,872,1145,929,903,1593,5.8,8456,164,1780,1981,2235,1481,815,8075,5010,3065,2.64,1.97,8075,620,2409,1796,1690,763,797,8075,835,2898,3375,967,8075,4958,154,2308,403,0,4,0,152,96,8075,59,37,61,8075,7959,47,69,5010,125,173,213,534,1641,2091,233,0,288700,2991,15,494,1874,477,131,0,0,1224.0,74,2907,378,432,531,251,185,1130,158,1
19029,2.0201882352941176,1750,1569,181,0.0,8.4,1750,621,699,254,130,36,0,0,10,0,1750,0,0,35,108,181,137,222,589,203,275,1750,6,0,62,139,341,627,352,100,123,6.0,1750,6,87,375,1075,172,35,1569,977,592,2.62,2.39,1569,136,381,272,301,240,239,1569,68,702,577,222,1569,958,33,285,265,0,0,3,25,0,1569,0,0,6,1569,1550,19,0,977,10,146,367,204,221,24,5,0,146000,572,103,93,227,137,12,0,0,1132.0,20,545,25,80,60,58,10,312,47,1
19030,2.0127058823529413,4849,4709,140,0.7,0.0,4849,3493,136,117,77,103,336,408,179,0,4849,0,74,69,396,477,1004,774,1905,74,76,4849,42,40,508,547,719,703,853,827,610,6.3,4849,42,627,736,2054,1223,167,4709,3532,1177,2.91,1.97,4709,176,801,687,1273,625,1147,4709,292,1326,1930,1161,4709,2822,156,1480,139,0,79,8,25,0,4709,15,0,42,4709,4623,44,42,3532,119,9,11,194,1886,1250,63,0,276500,1149,102,198,775,65,0,9,0,1156.0,28,1125,76,192,161,185,108,403,52,1
19031,2.0045882352941176,1875,1858,17,0.0,2.2,1875,1353,245,16,98,0,0,163,0,0,1875,0,149,0,63,139,178,355,611,121,259,1875,75,75,114,43,149,100,291,554,474,7.7,1875,84,200,117,828,470,176,1858,1449,409,2.63,1.57,1858,125,599,283,323,249,279,1858,155,605,818,280,1858,1283,71,275,185,0,24,0,0,20,1858,0,56,0,1858,1858,0,0,1449,9,6,19,0,187,788,318,122,427200,346,81,12,115,75,56,7,0,1406.0,63,346,63,39,41,34,0,169,63,1
19032,2.0096,2693,2489,204,6.0,0.0,2693,398,1975,19,73,149,30,49,0,0,2693,0,0,44,160,55,278,552,1117,136,351,2693,55,10,39,255,441,999,583,144,167,6.0,2693,55,67,189,2039,312,31,2489,1724,765,2.46,3.27,2489,225,500,539,569,222,434,2489,212,1231,760,286,2489,2032,30,401,26,0,0,0,0,0,2489,26,16,0,2489,2386,103,0,1724,105,453,774,260,108,17,0,7,117800,765,0,104,336,281,44,0,0,1381.0,0,765,30,102,69,167,129,268,0,3
19033,2.003705882352941,2888,2772,116,0.4,4.1,2888,1866,408,182,82,9,47,294,0,0,2888,10,46,10,128,165,223,436,1126,380,364,2888,17,26,194,342,510,692,451,403,253,6.0,2888,17,183,642,1606,324,116,2772,2111,661,2.89,2.38,2772,201,532,423,673,394,549,2772,64,1019,1209,480,2772,1771,14,582,371,6,17,0,11,0,2772,0,0,13,2772,2707,65,0,2111,46,65,135,438,1160,267,0,0,222900,644,17,138,292,197,0,0,0,1353.0,17,617,56,70,153,62,77,199,44,1
19034,1.503882352941177,2606,2418,188,0.0,8.3,2606,1896,196,80,82,56,39,257,0,0,2606,13,61,64,219,308,514,444,362,61,560,2606,8,81,121,268,160,176,316,288,1188,8.1,2606,8,341,244,577,1077,359,2418,1823,595,2.87,2.24,2418,236,530,340,427,481,404,2418,90,517,1215,596,2418,1235,63,695,361,23,27,14,0,0,2418,0,8,0,2418,2376,42,0,1823,0,6,18,25,103,693,937,41,522300,562,14,73,246,105,80,15,29,1300.0,33,480,108,88,26,21,23,214,115,1
19036,2.0039529411764705,5393,5016,377,2.6,10.5,5393,1167,2941,426,192,152,268,242,5,0,5393,0,40,80,211,164,240,850,2184,702,922,5393,128,51,431,556,646,1529,981,728,343,6.1,5393,128,548,1019,3233,361,104,5016,3843,1173,2.76,2.12,5016,339,1277,775,959,535,1131,5016,322,1911,1960,823,5016,3585,58,880,401,0,31,0,16,45,5016,0,0,14,5016,4953,22,41,3843,328,498,1064,1377,455,54,36,31,151000,1141,31,341,594,154,21,0,0,1128.0,32,1129,148,83,139,152,86,521,44,3
19038,2.0112941176470587,11865,11544,321,0.3,6.4,11865,8902,1426,481,319,236,273,223,5,0,11865,0,241,232,258,451,727,1232,3308,1595,3821,11865,185,66,517,702,1079,2308,2296,2120,2592,7.0,11865,185,707,1381,5368,2942,1282,11544,9791,1753,2.81,1.93,11544,820,2344,1903,2652,1715,2110,11544,370,3704,5116,2354,11544,8301,139,2075,857,5,48,34,24,61,11544,39,76,49,11544,11482,62,0,9791,145,180,193,369,3357,4323,1089,135,320000,1682,58,370,768,327,117,27,15,1214.0,71,1641,138,190,226,215,55,817,112,2
19040,2.009176470588235,8379,8045,334,0.5,6.0,8379,5555,773,352,160,308,267,964,0,0,8379,65,229,262,412,358,989,1601,2557,784,1122,8379,186,201,718,873,1002,1397,1351,1403,1248,6.4,8379,190,906,1779,3252,1954,298,8045,5804,2241,2.93,2.08,8045,625,2027,1258,1498,1078,1559,8045,419,2313,3224,2089,8045,4344,127,1694,1849,0,0,0,10,21,8045,0,95,54,8045,7876,114,55,5804,20,91,122,321,2103,2804,336,7,311700,2217,179,343,817,385,352,69,72,1369.0,24,2175,352,298,275,205,160,885,66,1
19044,2.0292235294117646,6863,6618,245,0.6,5.7,6863,2431,1739,114,717,624,728,484,26,0,6863,0,176,117,274,2481,1692,1103,593,192,235,6863,35,120,852,1670,763,1008,683,649,1083,5.5,6863,56,985,2398,1879,1320,225,6618,3689,2929,2.62,2.5,6618,638,1943,877,1575,859,726,6618,217,2468,2676,1257,6618,2545,240,2876,809,0,54,0,42,52,6618,33,0,9,6618,6329,141,148,3689,26,15,58,246,1489,1312,464,79,301600,2883,0,379,1531,735,203,27,8,1324.0,46,2883,478,353,576,579,79,818,46,1
19046,2.016376470588235,8350,7640,710,1.6,9.2,8350,4210,913,435,429,243,154,1961,5,0,8350,0,139,127,261,379,775,1098,2289,566,2716,8350,331,181,1039,1061,754,979,1082,1004,1919,6.3,8350,368,1530,1599,2405,1531,917,7640,5239,2401,2.8,1.58,7640,478,1583,1504,1842,1110,1123,7640,609,2724,2905,1402,7640,5483,103,1146,720,0,16,0,130,42,7640,5,74,63,7640,7605,35,0,5239,155,96,210,479,1049,1902,1209,139,363200,2318,52,485,979,517,118,10,157,1351.0,83,2294,457,308,333,154,181,861,107,1
19047,2.012,12862,12462,400,0.2,1.3,12862,7587,2197,264,403,771,665,925,50,0,12862,8,579,1263,1545,3139,2112,1126,1366,445,1279,12862,202,221,996,1402,1239,1682,1838,2428,2854,6.9,12862,211,1353,2645,4556,3637,460,12462,9156,3306,2.74,1.9,12462,1163,2758,1734,2521,1946,2340,12462,740,3487,5181,3054,12462,5558,253,3913,2488,0,53,4,48,145,12462,63,134,110,12462,12430,32,0,9156,117,48,32,393,1790,5394,1333,49,374100,3143,18,245,1220,1006,513,62,79,1544.0,163,3096,352,377,360,425,289,1293,210,2
19050,2.0158823529411767,13121,12082,1039,0.8,6.2,13121,2887,5037,1698,883,1078,438,1064,36,0,13121,0,40,208,202,508,694,1776,2117,2425,5151,13121,456,337,1535,1932,1301,3000,2213,958,1389,5.8,13121,534,2326,2632,5200,2022,407,12082,7079,5003,2.63,1.94,12082,1170,3134,1785,2578,1926,1489,12082,2014,5747,2919,1402,12082,7988,244,2827,980,0,0,0,43,0,12082,0,50,396,12082,11886,151,45,7079,248,1111,1941,1944,1412,345,75,3,154700,4840,164,1880,2259,503,34,0,0,1054.0,163,4644,524,534,708,574,291,2013,359,2
19053,2.009176470588235,10755,10521,234,0.0,5.8,10755,7840,1035,146,100,306,133,630,551,14,10755,0,805,482,559,1703,1677,1424,2795,532,778,10755,63,230,655,1071,1479,2066,1766,1415,2010,6.4,10755,63,867,1807,4863,2749,406,10521,8879,1642,2.73,2.08,10521,569,2094,1594,2245,1549,2470,10521,283,3042,4419,2777,10521,3506,566,2770,3503,0,70,0,51,55,10521,10,24,69,10521,10365,101,55,8879,241,263,220,544,2864,4082,631,34,310800,1635,0,276,942,169,232,16,0,1232.0,7,1577,162,240,209,176,90,700,65,2
19054,2.016588235294118,6603,6521,82,0.5,0.0,6603,5343,175,49,136,211,324,365,0,0,6603,0,54,128,122,409,694,541,4389,156,110,6603,91,76,431,350,1256,1567,889,795,1148,6.2,6603,91,573,659,2616,2280,384,6521,5217,1304,2.96,1.85,6521,379,1374,1047,1170,898,1653,6521,236,1908,2440,1937,6521,892,295,1503,3576,3,119,26,71,36,6521,61,61,92,6521,6474,17,30,5217,165,62,120,499,3023,1282,45,21,256100,1202,109,58,771,171,76,17,0,1293.0,102,1196,255,182,156,91,138,374,108,1
19055,1.005364705882353,4960,4755,205,0.0,1.7,4960,4118,81,263,0,19,58,392,29,0,4960,0,78,33,204,143,298,439,3455,244,66,4960,97,0,250,353,1198,1298,903,309,552,5.9,4960,97,266,629,2242,1516,210,4755,3962,793,2.85,2.97,4755,215,718,814,1020,777,1211,4755,238,1229,1892,1396,4755,266,71,1443,2799,58,19,0,95,4,4755,0,0,38,4755,4700,36,19,3962,119,97,243,910,2233,328,32,0,218300,793,75,96,537,59,14,9,3,1294.0,0,793,55,65,53,252,72,296,0,1
19056,1.0093176470588237,6097,5909,188,0.8,3.7,6097,4371,155,75,117,284,674,405,16,0,6097,0,59,226,202,374,796,512,3682,143,103,6097,72,117,541,811,333,918,1156,913,1236,6.7,6097,72,874,988,1188,2255,720,5909,4196,1713,2.93,2.16,5909,242,1440,727,1432,707,1361,5909,538,1562,2281,1528,5909,1842,206,1088,2663,0,46,0,54,10,5909,0,0,69,5909,5812,87,10,4196,76,73,59,332,1644,1937,75,0,295500,1618,112,275,867,210,154,0,0,1238.0,95,1557,168,150,158,234,225,622,156,1
19057,2.009529411764706,6159,6008,151,0.6,8.0,6159,4650,440,81,199,104,244,416,25,0,6159,0,28,80,295,208,384,643,4057,227,237,6159,33,201,370,788,830,1303,939,929,766,6.2,6159,54,641,776,2251,1972,465,6008,4754,1254,3.19,2.14,6008,403,1358,1007,1069,989,1182,6008,180,1596,2440,1792,6008,804,88,1851,3115,0,45,0,12,93,6008,0,0,23,6008,5908,68,32,4754,123,152,212,820,2539,883,25,0,238100,1245,107,204,565,296,54,19,0,1224.0,9,1245,106,69,102,134,119,715,9,1
19061,2.020117647058824,8120,7731,389,0.6,3.3,8120,3718,2200,291,592,511,375,349,84,0,8120,0,89,388,1075,890,997,588,1656,833,1604,8120,74,153,766,807,1494,1605,1399,881,941,6.0,8120,109,1014,1549,3766,1481,201,7731,4921,2810,2.81,2.2,7731,470,2298,1158,1419,1258,1128,7731,667,2764,2585,1715,7731,3414,252,1552,2335,0,71,0,81,26,7731,16,30,114,7731,7556,116,59,4921,117,850,826,585,1862,654,18,9,203700,2726,313,809,1295,287,19,3,0,1075.0,84,2716,523,278,293,273,299,1050,94,1
19063,2.054211764705882,16288,15221,1067,0.8,5.5,16288,8899,2402,490,444,330,580,2949,194,0,16288,54,828,728,1418,1970,2686,2307,2931,947,2419,16288,541,743,1509,1722,1230,2313,2329,1948,3953,6.5,16288,568,2499,2779,5155,4182,1105,15221,10314,4907,2.72,1.64,15221,1395,4130,2328,3247,2161,1960,15221,1078,5170,5768,3205,15221,6343,592,4369,3530,0,74,0,244,69,15221,10,213,183,15221,15137,57,27,10314,191,148,124,353,1451,4366,3479,202,418800,4664,0,673,1791,946,582,284,388,1459.0,243,4603,699,724,603,362,209,2006,304,2
19064,1.0544235294117648,8796,8563,233,1.0,1.3,8796,7412,852,5,353,108,35,26,5,0,8796,0,26,268,206,263,524,1121,3956,1201,1231,8796,36,3,116,337,543,1684,2279,1826,1972,7.2,8796,47,71,775,4743,2603,557,8563,7932,631,2.93,2.54,8563,372,1140,1166,2276,1435,2174,8563,135,1834,4471,2123,8563,6626,64,844,945,0,45,0,26,13,8563,0,0,30,8563,8505,58,0,7932,150,29,131,249,2386,4620,350,17,329200,612,0,90,286,160,64,12,0,1379.0,19,612,149,85,106,96,10,166,19,1
19067,2.022235294117648,21665,20503,1162,0.8,3.3,21665,14271,2732,654,578,915,549,764,1142,60,21665,15,595,528,3758,3840,3210,2562,3544,1004,2609,21665,205,141,1218,2386,2750,3029,2950,2983,6003,6.9,21665,245,1282,4632,6904,7319,1283,20503,16527,3976,2.66,2.18,20503,929,5288,3445,4906,3285,2650,20503,764,5242,9621,4876,20503,9683,362,5848,4322,24,92,0,44,128,20503,60,60,118,20503,20289,136,78,16527,829,294,241,1294,2530,6389,4775,175,391500,3741,163,585,1516,789,410,225,53,1288.0,235,3614,708,582,416,382,542,984,362,2
19070,1.0035294117647058,3028,2885,143,0.0,3.8,3028,1837,488,270,50,29,137,207,10,0,3028,0,111,23,125,228,504,436,765,352,484,3028,16,72,312,408,278,595,620,332,395,6.2,3028,16,340,760,1381,478,53,2885,2110,775,2.53,1.73,2885,69,907,307,647,325,630,2885,277,1107,1086,415,2885,1695,40,679,388,0,0,0,65,18,2885,0,0,43,2885,2875,10,0,2110,16,12,110,362,1169,422,19,0,237200,742,0,243,413,68,18,0,0,1111.0,33,728,145,89,107,78,45,264,47,1
19072,2.0135529411764708,4527,4357,170,0.7,0.0,4527,2606,543,70,147,350,112,699,0,0,4527,0,72,150,151,205,346,860,529,476,1738,4527,52,122,315,518,487,468,287,711,1567,7.5,4527,115,428,896,964,1286,838,4357,3182,1175,2.75,1.71,4357,440,1075,860,872,605,505,4357,187,1458,2116,596,4357,3379,92,463,377,0,0,0,26,20,4357,0,0,8,4357,4357,0,0,3182,7,8,63,90,211,625,1580,598,659200,1128,0,36,442,354,236,0,60,1621.0,47,1128,154,175,61,265,107,366,47,1
19073,2.029929411764706,8763,8302,461,1.0,8.3,8763,5251,1456,215,247,214,300,1056,15,9,8763,91,757,778,1035,925,919,1236,1723,541,758,8763,177,128,398,1202,943,886,955,1262,2812,7.2,8763,186,593,1763,2681,2580,960,8302,6391,1911,2.66,1.85,8302,762,2020,1352,1850,1203,1115,8302,524,2587,3551,1640,8302,3223,433,2037,2242,0,96,15,158,98,8302,21,168,54,8302,8302,0,0,6391,43,63,162,146,869,2240,2428,440,464700,1814,10,237,478,464,170,203,252,1696.0,97,1772,228,188,188,246,90,832,139,1
19076,2.0152470588235296,2800,2581,219,0.0,9.1,2800,1056,640,274,267,128,214,221,0,0,2800,0,59,20,125,146,118,368,643,306,1015,2800,60,78,389,411,512,772,231,178,169,5.4,2800,109,371,789,1275,140,116,2581,1564,1017,2.74,2.0,2581,109,793,337,455,505,382,2581,204,976,804,597,2581,1471,24,656,323,0,0,77,0,30,2581,0,0,45,2581,2538,23,20,1564,75,66,188,505,505,203,22,0,195600,1003,0,413,481,109,0,0,0,1076.0,14,907,74,112,107,104,43,467,110,1
19078,2.013023529411765,4889,4593,296,2.6,6.0,4889,1957,1776,115,334,245,229,224,9,0,4889,0,30,41,43,183,209,658,1954,744,1027,4889,47,61,387,381,690,1367,1004,468,484,6.1,4889,61,598,692,2685,644,209,4593,3392,1201,2.76,1.79,4593,396,911,706,890,692,998,4593,410,1349,2087,747,4593,3315,39,691,478,0,10,0,8,52,4593,0,0,14,4593,4555,0,38,3392,62,56,353,1246,1283,353,39,0,199300,1201,33,433,616,83,36,0,0,1103.0,0,1155,130,208,123,157,131,406,46,3
19082,2.015176470588236,17029,15894,1135,0.0,2.8,17029,2177,9523,1859,648,229,396,2163,34,0,17029,0,365,168,368,487,1175,1567,2766,3152,6981,17029,509,448,1859,2123,2262,5206,2233,1606,783,5.8,17029,560,2691,3696,8004,1645,433,15894,7667,8227,3.04,2.42,15894,1324,4827,3062,3844,1399,1438,15894,3631,7341,3774,1148,15894,10957,207,3395,1037,0,8,0,105,185,15894,128,49,222,15894,15124,503,267,7667,332,2285,2378,1952,489,70,124,37,121400,8069,222,3338,3574,841,79,0,15,1055.0,158,7906,1137,976,678,880,804,3431,321,2
19083,2.013058823529412,13614,13330,284,0.6,3.4,13614,10104,2154,249,148,243,261,444,11,0,13614,0,139,202,139,382,600,1496,3938,2591,4127,13614,79,146,344,808,720,2593,2874,3045,3005,7.2,13614,139,527,1196,7053,4066,633,13330,11838,1492,2.83,2.18,13330,724,2317,1754,3089,2357,3089,13330,373,3788,6449,2720,13330,10142,174,1386,1481,0,15,0,87,45,13330,44,12,43,13330,13212,106,12,11838,120,166,203,314,2831,7003,1160,41,349400,1440,0,328,765,173,121,18,35,1194.0,52,1410,188,114,164,128,157,659,82,2
19085,2.014964705882353,1988,1870,118,0.0,24.7,1988,1806,162,0,20,0,0,0,0,0,1988,0,30,52,263,199,175,348,597,51,273,1988,12,0,0,38,89,71,146,309,1323,9.0,1988,12,0,69,549,748,610,1870,1797,73,2.89,2.96,1870,108,375,272,531,404,180,1870,0,248,1034,588,1870,1266,50,310,228,0,0,0,9,7,1870,0,0,0,1870,1870,0,0,1797,8,23,0,0,17,84,1116,549,857700,73,0,12,0,0,10,0,51,9.0,0,73,44,0,7,0,0,22,0,3
19087,2.033176470588236,12838,12157,681,1.2,5.5,12838,7340,2551,336,427,383,1003,780,18,0,12838,51,250,335,1027,2879,1637,1913,2380,567,1799,12838,53,151,649,1444,1187,1563,1446,1931,4414,7.4,12838,53,893,2842,3336,3642,2072,12157,8763,3394,2.68,2.35,12157,1437,3307,1696,2414,1808,1495,12157,312,3660,5967,2218,12157,7297,407,2927,1278,0,63,0,124,61,12157,0,11,25,12157,12010,105,42,8763,46,78,60,229,769,2170,4162,1249,598000,3218,22,165,719,1309,274,433,296,1769.0,176,3205,502,512,617,250,300,1024,189,2
19090,2.0206117647058823,8291,7602,689,3.4,9.5,8291,5393,484,468,422,356,450,705,13,0,8291,44,123,66,196,416,1630,1705,2760,585,766,8291,140,144,599,1057,1405,1320,1467,1043,1116,6.1,8291,140,887,1845,3761,1456,202,7602,5223,2379,2.85,2.06,7602,448,1766,1440,1542,931,1475,7602,320,2663,2970,1649,7602,5065,62,1617,816,0,4,0,27,11,7602,0,38,50,7602,7465,122,15,5223,85,0,140,355,2762,1768,88,25,277600,2332,8,176,1399,487,200,25,37,1346.0,47,2261,183,424,383,220,254,797,118,3
19094,1.000635294117647,1881,1821,60,0.0,4.8,1881,759,569,47,30,50,46,358,22,0,1881,0,0,25,132,169,123,284,702,76,370,1881,0,0,356,160,180,545,301,140,199,5.9,1881,0,366,356,904,211,44,1821,1202,619,2.93,2.02,1821,103,439,270,430,270,309,1821,261,535,664,361,1821,1134,0,474,213,0,0,0,0,0,1821,0,0,0,1821,1794,10,17,1202,16,37,213,412,400,113,0,11,187800,610,115,237,185,73,0,0,0,971.0,9,610,98,65,93,27,86,241,9,1
19096,2.014117647058824,5875,5805,70,0.0,0.0,5875,3620,307,35,98,279,58,1478,0,0,5875,0,198,132,68,242,389,619,1571,1069,1587,5875,36,88,441,876,454,674,609,824,1873,7.1,5875,36,621,1317,1433,1545,923,5805,4345,1460,2.85,1.68,5805,445,1846,709,1513,572,720,5805,228,1990,2821,766,5805,4414,137,894,220,0,0,14,95,31,5805,8,21,47,5805,5777,28,0,4345,12,67,132,114,411,1099,1822,688,572900,1371,0,85,386,247,494,86,73,1934.0,89,1275,198,101,216,91,269,400,185,1
19102,2.0607058823529414,4040,3425,615,3.3,14.6,4040,19,122,14,62,231,113,3447,32,0,4040,0,398,299,191,244,1248,83,83,209,1285,4040,495,943,1356,705,156,196,80,48,61,2.9,4040,563,2259,914,244,28,32,3425,885,2540,1.46,1.38,3425,1076,1626,217,301,63,142,3425,1714,1405,306,0,3425,672,119,2497,34,0,19,0,59,25,3425,0,0,0,3425,3388,0,37,885,20,51,69,18,88,265,242,132,452400,2528,0,16,309,729,587,492,395,2179.0,12,2394,549,403,356,194,132,760,146,3
19103,2.0709411764705883,19171,16337,2834,2.1,11.1,19171,345,1642,460,692,2238,640,13154,0,0,19171,0,1239,1182,948,1484,1793,2550,1730,686,7559,19171,3284,4341,4811,3234,1067,789,687,286,672,2.9,19171,3701,8529,4584,1550,584,223,16337,4960,11377,1.72,1.43,16337,3521,7291,2239,1736,849,701,16337,9042,5815,1367,113,16337,5711,146,9684,315,0,11,0,110,360,16337,7,114,214,16337,16099,67,171,4960,82,108,165,343,372,1362,1435,1093,514700,11154,532,732,2003,3439,2250,1079,1119,1836.0,223,10917,2046,1536,1493,1233,1068,3541,460,0
19104,2.011858823529412,22155,18053,4102,0.4,2.2,22155,605,7100,1448,3016,2513,901,6565,7,0,22155,225,2874,1096,1310,721,1091,1619,1753,950,10516,22155,2545,2206,4700,3152,2748,3227,1289,993,1295,4.0,22155,2868,6398,4446,5226,1775,1442,18053,3629,14424,2.51,2.01,18053,3054,8482,2260,2029,840,1388,18053,9679,6464,1364,546,18053,8819,343,7931,490,0,21,43,134,272,18053,77,261,329,18053,17352,359,342,3629,224,920,410,249,549,672,550,55,202200,14149,1813,4110,4656,1770,808,525,467,1092.0,275,13039,983,1204,1225,1263,1115,7249,1385,0
19106,2.091482352941177,9208,8155,1053,2.4,10.3,9208,141,959,374,496,676,605,5957,0,0,9208,2,727,850,97,964,1037,1255,274,287,3715,9208,802,1808,2830,1543,616,487,643,80,399,3.2,9208,945,3804,2931,1119,362,47,8155,3911,4244,1.63,1.54,8155,1335,3596,1009,1470,395,350,8155,2335,4793,896,131,8155,3007,96,4736,49,0,10,0,149,108,8155,10,10,35,8155,7975,0,180,3911,0,0,31,131,209,1421,1508,611,537100,4145,0,100,624,1567,1097,384,373,1930.0,99,4099,891,854,703,640,223,788,145,3
19107,2.223764705882353,9572,8459,1113,3.9,8.6,9572,189,629,316,658,1002,984,5782,12,0,9572,0,1220,436,421,608,792,320,278,376,5121,9572,2231,2383,2410,1223,554,297,165,69,240,2.6,9572,2527,3835,2371,620,167,52,8459,1541,6918,2.04,1.48,8459,1655,4265,1217,679,409,234,8459,4792,3185,446,36,8459,3045,64,4947,99,21,0,0,66,217,8459,39,109,152,8459,7885,57,517,1541,35,49,53,45,313,471,426,149,412300,6841,688,676,2359,1300,1133,440,245,1429.0,77,6554,854,826,929,810,719,2416,364,3
19111,1.0211764705882354,27528,25828,1700,0.7,3.5,27528,4171,13496,4127,1218,846,526,3069,47,28,27528,0,199,983,1127,881,2968,4862,8892,3565,4051,27528,854,771,3359,4047,3269,7029,4536,2346,1317,5.7,27528,944,4198,6097,13608,2358,323,25828,14305,11523,2.79,2.43,25828,2148,7048,4525,5872,2580,3655,25828,3961,11825,7302,2740,25828,20536,512,3965,583,0,37,0,39,156,25828,190,132,81,25828,24544,811,473,14305,264,437,2321,4281,5674,1114,214,0,198200,11040,529,3076,5877,1308,173,0,77,1126.0,483,10768,1134,1348,1673,1403,768,4442,755,0
19114,2.0014470588235294,14403,13553,850,0.0,4.3,14403,3404,5219,1807,605,849,1217,1293,9,0,14403,0,160,630,765,1171,3389,3958,3022,521,787,14403,109,338,1292,2563,2135,2237,2585,1559,1585,5.8,14403,122,1654,5267,5410,1722,228,13553,9062,4491,2.54,1.87,13553,1221,3598,2039,3047,1337,2311,13553,1101,6374,4567,1511,13553,11391,135,1830,125,30,0,0,13,29,13553,31,29,69,13553,13386,97,70,9062,123,86,575,2506,4029,1580,110,53,223700,4370,56,694,2781,775,58,0,6,1225.0,121,4327,394,355,588,582,414,1994,164,2
19115,2.013764705882353,15135,14642,493,0.0,2.0,15135,4492,4039,1327,565,294,1132,3250,36,0,15135,0,60,642,865,2038,2845,4640,3288,311,446,15135,617,607,1972,2751,2323,2125,1881,1591,1268,5.2,15135,708,2710,4039,4975,2387,316,14642,8986,5656,2.67,2.02,14642,947,4785,1804,3560,1404,2142,14642,1871,6471,4227,2073,14642,12022,267,1930,345,0,0,0,0,78,14642,0,150,63,14642,13996,343,303,8986,92,96,418,998,4039,2981,327,35,269200,5620,426,1525,2971,460,59,58,121,1100.0,36,5584,573,450,645,774,852,2290,72,2
19116,2.004447058823529,14015,13402,613,0.0,5.2,14015,3628,4198,1967,1081,700,1123,1278,40,0,14015,0,384,262,889,1381,3146,5330,1815,421,387,14015,633,619,1430,2918,1854,2016,2338,1293,914,5.3,14015,707,1941,4164,5230,1805,168,13402,7663,5739,2.68,2.14,13402,1043,3204,2399,2941,1477,2338,13402,1398,6024,4141,1839,13402,11122,175,1707,334,0,0,0,0,64,13402,8,42,206,13402,12980,241,181,7663,126,164,184,499,4289,2216,175,10,270500,5548,416,1745,2912,369,106,0,0,1087.0,191,5511,642,761,516,308,563,2721,228,2
19118,1.024141176470588,5194,4875,319,0.3,4.8,5194,1317,1419,261,435,251,139,1372,0,0,5194,0,31,115,272,338,334,870,699,273,2262,5194,138,445,619,854,494,698,445,350,1151,5.6,5194,204,1193,1307,1104,726,660,4875,2356,2519,2.38,1.64,4875,507,1811,875,717,511,454,4875,416,2547,1451,461,4875,3208,73,1184,400,0,0,6,4,0,4875,0,35,12,4875,4815,31,29,2356,6,33,11,58,109,866,826,447,544100,2471,0,102,883,925,293,140,128,1635.0,48,2399,182,385,260,265,195,1112,120,1
19119,2.0364235294117647,13720,12564,1156,0.5,4.3,13720,2247,7000,422,943,532,344,2217,15,0,13720,0,148,416,202,207,543,930,1861,2102,7311,13720,346,542,1328,1412,1544,2890,1760,1290,2608,6.1,13720,346,2405,2021,4975,2158,1815,12564,8076,4488,2.49,1.84,12564,808,3139,2409,2565,1577,2066,12564,1900,5868,4007,789,12564,9884,174,1685,669,0,28,0,14,110,12564,169,230,99,12564,12465,27,72,8076,140,264,869,757,2281,2524,1046,195,288200,4250,300,1256,2172,404,73,0,45,1103.0,238,4225,724,550,514,550,243,1644,263,2
19122,2.172235294117648,8954,7814,1140,2.0,5.0,8954,600,4892,327,939,181,434,1581,0,0,8954,37,1736,661,748,353,519,723,863,292,3022,8954,318,577,1274,1171,1732,1669,1144,584,485,5.2,8954,398,1642,1951,2877,1402,684,7814,3265,4549,2.27,2.41,7814,1525,2354,1326,1144,607,858,7814,2690,3582,1157,385,7814,4856,163,2514,167,0,0,0,14,100,7814,12,46,316,7814,7668,133,13,3265,26,105,327,383,1055,982,381,6,262700,4416,969,1478,978,716,183,80,12,955.0,133,4321,547,403,329,463,340,2239,228,3
19123,2.023435294117647,9710,8978,732,0.0,6.9,9710,510,3265,921,784,557,656,2986,31,0,9710,0,1638,1569,965,331,872,430,628,279,2998,9710,1135,1053,1787,1705,1453,1380,557,355,285,4.0,9710,1135,2772,2650,2489,522,142,8978,2802,6176,2.36,1.77,8978,1201,4182,1511,1407,290,387,8978,2566,4020,1995,397,8978,5188,106,3578,24,0,0,0,18,64,8978,72,15,127,8978,8747,11,220,2802,55,21,52,26,302,1229,941,176,446400,6133,911,1043,1146,1417,873,415,328,1487.0,43,5991,819,1381,535,792,1010,1454,185,2
19124,1.0144705882352942,26504,24377,2127,1.4,3.3,26504,2401,18957,2305,1040,569,299,882,51,0,26504,0,88,217,525,716,1705,1660,4988,5768,10837,26504,591,351,2453,3216,3275,9015,3779,1579,2245,5.9,26504,675,3540,3844,14980,2572,893,24377,15085,9292,3.01,2.74,24377,1616,6984,3436,6323,3203,2815,24377,7034,9716,5749,1878,24377,18064,268,4321,1606,23,13,0,39,43,24377,210,218,479,24377,23614,477,286,15085,1181,4779,4988,2157,1146,637,182,15,111900,8906,843,4298,2979,572,212,0,2,945.0,386,8631,627,1042,552,856,678,4876,661,0
19125,2.0254117647058827,12312,11422,890,2.1,1.1,12312,747,9041,427,843,281,195,627,151,0,12312,30,1818,293,217,424,358,368,304,526,7974,12312,368,235,1512,1803,2371,2888,1551,836,748,5.4,12312,667,958,4097,4689,1648,253,11422,6867,4555,2.29,1.98,11422,1641,4815,1341,1594,821,1210,11422,2025,5510,3335,552,11422,8415,148,2301,436,0,0,0,99,23,11422,32,22,110,11422,11171,86,165,6867,57,130,357,834,2161,2645,677,6,295500,4330,388,736,924,1000,818,366,98,1559.0,225,4272,641,879,788,476,467,1021,283,2
19127,2.192282352941177,3180,2830,350,1.0,6.9,3180,125,1825,253,285,57,199,436,0,0,3180,29,283,240,103,45,113,183,509,46,1629,3180,191,263,571,252,531,588,408,266,110,5.1,3180,221,675,630,967,620,67,2830,1175,1655,1.88,1.98,2830,756,1157,407,168,144,198,2830,265,1398,885,282,2830,1980,38,749,63,0,0,0,0,0,2830,10,10,10,2830,2811,19,0,1175,28,0,49,93,589,293,94,29,275100,1596,0,245,360,620,222,107,42,1656.0,59,1562,434,216,129,300,82,401,93,3
19128,2.00949411764706,18782,18018,764,0.5,3.9,18782,3095,8688,1189,1076,1089,652,2751,238,4,18782,0,766,707,639,1770,1897,4003,2374,1045,5581,18782,339,871,2675,2548,2428,3524,2976,2003,1418,5.7,18782,371,3021,4556,7874,2354,606,18018,10225,7793,2.28,1.93,18018,2433,6206,2610,2536,1567,2666,18018,1757,7889,6190,2182,18018,13571,308,3007,733,0,58,4,83,254,18018,93,25,52,18018,17692,201,125,10225,242,182,514,1079,4871,2925,381,31,267200,7531,123,1093,3154,2167,695,177,122,1420.0,262,7364,1242,1333,1118,1212,640,1819,429,2
19129,2.101929411764706,5608,5149,459,1.7,2.6,5608,478,2698,304,473,359,417,861,18,0,5608,0,253,708,347,135,528,332,476,745,2084,5608,43,147,993,793,895,1365,565,366,441,5.4,5608,87,1303,1298,2389,248,283,5149,2524,2625,2.07,2.04,5149,340,2201,799,770,436,603,5149,987,2209,1781,172,5149,3521,6,1368,173,0,0,0,0,81,5149,18,18,18,5149,5138,0,11,2524,134,169,280,287,621,800,233,0,260500,2505,318,232,836,608,429,0,82,1435.0,120,2261,283,642,336,367,121,512,364,3
19130,2.062682352941177,16959,15446,1513,0.7,4.1,16959,313,4667,1392,2774,1478,631,5689,15,0,16959,33,2309,595,584,818,1435,1919,1353,690,7223,16959,1377,1492,4476,3358,2163,1522,945,761,865,3.8,16959,1604,5336,5302,3127,1186,404,15446,5901,9545,2.07,1.72,15446,2493,6589,2365,2029,962,1008,15446,3823,8400,2760,463,15446,7937,201,6801,384,0,18,0,58,47,15446,13,46,115,15446,15138,93,215,5901,17,34,147,168,1039,2232,1922,342,424600,9400,323,801,2780,2700,1840,542,414,1647.0,145,9175,1546,1910,1386,1083,728,2522,370,2
19133,1.001764705882353,11026,9461,1565,1.2,2.2,11026,947,7647,892,414,103,29,849,123,22,11026,7,376,239,267,461,81,637,875,568,7515,11026,399,228,933,1322,2205,3180,1615,783,361,5.6,11026,407,1087,2523,5211,1177,621,9461,3888,5573,2.87,2.61,9461,1282,2127,1419,1720,1139,1774,9461,4051,3967,1035,408,9461,6303,106,2755,252,0,17,0,28,0,9461,57,291,607,9461,9010,287,164,3888,1553,1313,153,392,228,166,83,0,64800,4801,967,2525,1068,186,20,35,0,807.0,772,4580,580,337,167,708,327,2461,993,1
19134,2.0063529411764707,24951,21942,3009,1.6,3.2,24951,1539,20908,1126,372,555,28,275,148,0,24951,0,191,226,242,599,979,722,2121,2426,17445,24951,404,437,960,2846,6192,9276,3163,603,1070,5.7,24951,473,1600,7250,14471,965,192,21942,12118,9824,2.69,2.7,21942,2053,6403,3619,4258,3134,2475,21942,7071,10503,3493,875,21942,15729,118,4692,1109,0,81,0,32,181,21942,97,397,398,21942,21086,672,184,12118,2214,4236,1875,1589,1745,401,58,0,94700,8975,486,3573,3980,916,20,0,0,1046.0,849,8918,657,705,1115,870,671,4900,906,0
19135,2.0056470588235293,14414,13379,1035,2.6,4.1,14414,1598,10088,1314,540,336,306,156,55,21,14414,0,98,43,378,171,844,1992,4283,2125,4480,14414,207,351,1182,1383,1998,4466,2883,997,947,6.0,14414,225,1688,2547,8797,756,401,13379,7983,5396,2.69,2.74,13379,760,3565,2884,3011,1262,1897,13379,2516,6178,3454,1231,13379,10988,210,1426,691,0,17,0,33,14,13379,8,243,136,13379,13055,303,21,7983,323,1330,2679,2435,1007,120,63,26,140600,5094,405,1769,2392,528,0,0,0,1088.0,302,4880,472,413,666,250,375,2704,516,2
19136,2.0228705882352944,13928,13124,804,0.8,7.5,13928,1312,9465,1443,595,440,206,450,17,0,13928,0,12,57,233,519,975,2283,5192,2962,1695,13928,266,87,1371,1721,1717,4045,2842,1200,679,5.9,13928,332,1625,2763,8428,674,106,13124,7936,5188,2.71,2.59,13124,1055,3888,2395,2383,1185,2218,13124,2031,6028,3831,1234,13124,11010,261,1230,584,0,0,12,13,14,13124,0,10,20,13124,12858,210,56,7936,263,513,2437,2622,1812,235,45,9,164700,5058,386,2447,1829,396,0,0,0,966.0,130,5005,1308,599,495,307,358,1938,183,2
19137,2.008258823529412,3641,3236,405,2.5,9.3,3641,455,2974,98,106,0,0,8,0,0,3641,0,58,136,47,0,101,208,327,426,2338,3641,94,56,80,400,561,1153,926,163,208,6.0,3641,99,125,797,2320,250,50,3236,2605,631,2.65,2.38,3236,143,527,565,783,384,834,3236,549,1426,1070,191,3236,2749,54,234,191,0,0,0,0,8,3236,0,55,76,3236,3187,24,25,2605,78,257,596,810,733,131,0,0,168800,546,39,156,242,90,19,0,0,1117.0,85,532,21,7,116,28,54,306,99,3
19138,1.0018352941176472,13999,12492,1507,1.0,7.4,13999,663,10683,1339,386,164,202,562,0,0,13999,0,15,146,29,143,596,1066,2961,2845,6198,13999,154,150,1574,1164,1309,5700,2328,951,669,6.0,13999,154,1764,1581,9677,652,171,12492,7818,4674,2.66,2.53,12492,699,2532,1496,2674,1535,3556,12492,3373,6184,2244,691,12492,10122,225,1403,694,0,0,0,28,20,12492,44,101,406,12492,12355,96,41,7818,319,2058,2339,1814,1034,89,107,58,134300,4458,411,1817,1789,348,42,8,43,1000.0,216,4449,436,659,385,497,451,2021,225,0
19139,1.001129411764706,22928,18957,3971,1.8,6.1,22928,824,14206,2454,1788,834,471,2324,27,0,22928,9,292,399,711,902,1427,1226,2828,3821,11313,22928,1213,432,2928,2871,2584,7617,2737,1141,1405,5.7,22928,1282,3337,4070,10879,2696,664,18957,7677,11280,2.36,2.36,18957,2009,6078,3170,2731,1718,3251,18957,8597,7754,2094,512,18957,12375,198,5515,753,0,0,0,31,85,18957,186,118,342,18957,18541,207,209,7677,807,3539,1367,796,707,283,133,45,93500,10873,1788,4291,3445,1177,158,14,0,953.0,407,10021,1078,945,1355,1118,881,4644,1259,0
19140,1.002258823529412,23348,20384,2964,0.8,4.0,23348,1629,17378,1112,1223,393,77,1289,247,0,23348,12,209,161,470,614,1317,1357,2156,3039,14013,23348,316,542,1441,2943,3468,8901,2822,998,1917,5.8,23348,371,2034,5225,11769,3008,941,20384,10275,10109,2.48,2.82,20384,1707,5167,2522,3879,2381,4728,20384,9775,7786,2141,682,20384,14320,220,5043,683,0,0,0,44,74,20384,0,168,367,20384,19605,720,59,10275,1703,5298,1327,979,709,70,189,0,75700,9383,1036,3892,4100,297,14,15,29,967.0,726,9050,955,785,792,860,562,5096,1059,0
19141,1.0009176470588237,15655,14413,1242,0.5,5.5,15655,974,9010,1879,939,343,276,2234,0,0,15655,0,0,182,341,283,822,1438,2697,2557,7335,15655,833,600,1686,2175,1468,5082,1678,793,1340,5.7,15655,909,2912,2349,7342,1624,519,14413,7331,7082,2.48,2.05,14413,1193,3708,2585,2196,1401,3330,14413,6040,5558,2347,468,14413,10145,140,3103,772,0,22,0,106,125,14413,0,176,413,14413,14261,118,34,7331,322,2576,2332,1539,440,76,0,46,112200,6805,1429,2769,1933,651,9,14,0,920.0,277,6723,783,850,558,578,753,3201,359,0
19143,1.5138,30659,26259,4400,1.5,7.6,30659,2005,20951,2382,2021,1315,465,1482,38,0,30659,0,239,357,432,534,1290,1315,3733,4225,18534,30659,920,701,2677,2703,2604,10799,5869,2405,1981,6.0,30659,1135,2967,4734,15196,5604,1023,26259,12820,13439,2.4,2.42,26259,2522,7062,3756,4536,2116,6267,26259,10666,11550,3318,725,26259,19790,302,4821,930,34,26,25,115,216,26259,316,318,838,26259,25613,440,206,12820,579,4767,2677,1176,1601,1083,806,131,113000,12603,1190,4243,5320,1398,305,49,98,1072.0,836,12005,1374,1569,1106,1056,1027,5873,1434,0
19144,1.0048705882352942,22613,19792,2821,1.2,6.3,22613,1700,9728,1503,1834,923,861,6057,7,0,22613,0,350,614,501,992,1335,1697,2720,2521,11883,22613,1836,1317,4214,3626,2554,3343,2193,1325,2205,4.6,22613,2104,5617,4762,5807,2560,1763,19792,7181,12611,2.81,1.89,19792,2087,6874,3877,3266,1484,2204,19792,6157,9294,3770,571,19792,12216,233,5973,807,0,62,11,106,384,19792,155,293,356,19792,19274,386,132,7181,442,1317,1521,1034,1638,1120,64,45,163000,12344,2163,4288,4332,1328,154,22,57,980.0,267,11851,1279,1402,1280,1244,1054,5592,760,0
19145,2.0289411764705885,20995,18976,2019,0.4,6.6,20995,963,15696,1368,1169,240,460,1039,60,0,20995,0,319,1067,646,549,875,1396,3053,2044,11046,20995,225,583,1835,3713,5429,5311,2117,857,925,5.3,20995,277,2223,5230,11068,1788,409,18976,11237,7739,2.44,2.27,18976,1819,5379,2379,4291,1656,3452,18976,5594,8600,4029,753,18976,15475,418,2347,511,0,0,0,79,146,18976,0,201,152,18976,18636,266,74,11237,443,597,1454,2137,3472,2441,631,62,227900,7565,923,1645,3425,1387,116,35,34,1194.0,174,7359,789,1464,806,990,515,2795,380,0
19146,2.0519529411764705,21028,18101,2927,2.5,7.7,21028,739,14314,1152,1629,756,288,2116,34,0,21028,62,2240,1142,633,674,1221,1211,1969,1268,10608,21028,789,1166,2420,4049,4415,4262,2288,975,664,5.0,21028,868,2915,5942,9162,1668,473,18101,9586,8515,2.32,2.14,18101,2811,6664,2839,2581,1132,2074,18101,5847,8886,2611,757,18101,12768,278,4298,547,0,38,39,14,119,18101,76,84,119,18101,17834,197,70,9586,157,848,550,620,1019,3128,2952,312,398500,8080,528,1117,2851,1719,1131,360,374,1419.0,435,7947,1555,1031,1447,859,673,2382,568,0
19147,2.0878823529411767,20794,18970,1824,2.2,4.6,20794,1073,12450,1401,2481,1194,284,1880,31,0,20794,50,1480,1121,619,1199,1521,1448,1150,896,11310,20794,801,1511,3467,3193,3702,3392,2460,1125,1143,4.9,20794,963,4454,5749,6594,2458,576,18970,10837,8133,2.27,1.79,18970,2511,6695,3570,2875,1331,1988,18970,5543,9861,3140,426,18970,13855,109,4392,451,14,0,17,61,71,18970,14,66,124,18970,18724,120,126,10837,55,73,140,235,1689,4212,4026,407,445000,7959,567,1317,2702,1936,728,338,371,1385.0,174,7798,1170,1677,908,798,823,2422,335,0
19148,2.0423529411764707,22155,20449,1706,1.3,5.2,22155,1119,17374,1864,1236,107,93,309,53,0,22155,27,343,426,404,457,592,1027,1666,2680,14533,22155,169,607,1851,4255,6160,5765,1852,876,620,5.2,22155,225,1817,6594,12102,1396,21,20449,13302,7147,2.33,2.77,20449,2546,5228,3460,3486,2231,3498,20449,5265,9878,4141,1165,20449,16068,377,3240,693,0,0,20,28,23,20449,42,296,255,20449,19283,1007,159,13302,203,495,1354,2566,4851,3407,368,58,240500,6435,143,1262,3284,1535,203,0,8,1255.0,712,6435,1139,926,809,888,477,2196,712,0
19149,1.031764705882353,20656,19381,1275,1.0,4.1,20656,1187,16812,1706,396,54,111,329,61,0,20656,0,62,85,275,232,1051,2414,9163,4719,2655,20656,97,228,1276,2670,1875,7554,3881,1907,1168,6.1,20656,151,1549,3013,15037,789,117,19381,11217,8164,2.91,3.33,19381,1069,5723,3742,4693,2312,1842,19381,3042,9058,5275,2006,19381,16288,223,1666,699,0,7,0,24,474,19381,101,227,449,19381,18479,591,311,11217,405,896,4404,3075,2214,198,9,16,149100,7972,198,1779,4532,1253,153,0,57,1285.0,192,7865,801,1139,837,991,894,3203,299,0
19151,2.001694117647059,14586,12766,1820,0.8,6.6,14586,721,10256,1169,1304,326,33,719,58,0,14586,0,236,46,383,257,719,1004,2301,2620,7020,14586,664,152,1181,1652,1143,5476,2066,994,1258,6.0,14586,674,1544,1872,8005,1555,936,12766,8159,4607,2.66,2.13,12766,724,3098,2587,2557,2231,1569,12766,3780,5657,2553,776,12766,10261,169,1912,196,13,33,0,83,99,12766,108,140,98,12766,12554,158,54,8159,459,1329,2399,2250,1107,481,109,25,147800,4326,246,1925,1842,238,66,9,0,998.0,281,4247,261,387,956,484,204,1955,360,2
19152,2.015176470588236,14013,13456,557,1.1,5.3,14013,1905,7199,1580,215,436,483,2187,8,0,14013,0,123,135,491,492,1887,3539,6078,746,522,14013,678,557,1337,1995,2097,3194,1982,1412,761,5.6,14013,721,1878,2715,7549,987,163,13456,7969,5487,2.65,2.46,13456,640,4466,1966,2772,1539,2073,13456,2131,5547,4127,1651,13456,10901,272,1872,244,8,0,0,58,101,13456,51,154,78,13456,12853,349,254,7969,150,222,230,2232,4112,940,72,11,221800,5445,606,1801,2135,752,126,14,11,1078.0,42,5319,516,533,1002,624,668,1976,168,2
19153,2.004094117647059,6160,5682,478,2.1,6.2,6160,379,3381,793,529,136,317,625,0,0,6160,0,100,100,652,334,1486,1715,613,422,738,6160,297,104,498,1103,1169,1637,739,326,287,5.4,6160,325,991,1319,3216,292,17,5682,2921,2761,2.39,2.11,5682,459,1661,755,1231,532,1044,5682,1296,2440,1571,375,5682,4074,195,1257,18,0,0,0,23,115,5682,35,43,22,5682,5548,112,22,2921,99,396,790,982,512,116,7,19,155900,2721,181,436,1478,626,0,0,0,1273.0,40,2652,161,431,342,347,146,1225,109,3
19154,2.0384,13421,12760,661,0.0,4.0,13421,1731,9255,1127,243,511,227,307,0,20,13421,0,61,122,737,852,2041,6344,2449,618,197,13421,148,175,701,1700,1344,2348,3211,2001,1793,6.6,13421,148,682,2941,8122,1304,224,12760,9867,2893,2.79,2.42,12760,609,2908,1513,2714,1594,3422,12760,1002,4958,4727,2073,12760,10863,123,1635,107,0,0,0,12,20,12760,0,116,76,12760,12486,219,55,9867,218,231,261,2514,5567,904,164,8,222200,2728,58,331,1727,430,138,44,0,1304.0,165,2646,349,411,201,367,270,1048,247,2
19301,2.0268941176470587,3001,2913,88,0.2,4.1,3001,2043,427,21,110,114,174,112,0,0,3001,0,141,0,139,605,417,314,887,102,396,3001,26,63,28,341,322,421,591,404,805,7.0,3001,26,78,592,1299,846,160,2913,2381,532,2.63,2.03,2913,211,757,349,643,403,550,2913,124,935,1292,562,2913,1429,159,731,542,0,6,0,23,23,2913,27,59,0,2913,2892,8,13,2381,12,19,13,42,248,1130,802,115,442500,513,0,19,187,192,70,45,0,1632.0,19,503,72,31,70,28,36,266,29,1
19311,1.0046588235294118,3569,3414,155,0.0,0.0,3569,2798,301,127,122,31,22,0,168,0,3569,28,393,1309,607,154,213,170,85,124,486,3569,0,48,116,192,287,502,524,369,1531,7.8,3569,0,141,397,1121,1432,478,3414,2773,641,3.06,3.42,3414,189,1089,787,842,254,253,3414,87,482,2021,824,3414,1895,399,526,441,57,65,0,31,0,3414,50,50,72,3414,3352,62,0,2773,58,54,29,55,355,1510,615,97,431400,595,0,155,261,97,13,19,50,1300.0,46,595,107,130,9,43,109,197,46,1
19312,2.029364705882353,4452,4318,134,0.0,0.0,4452,3314,596,99,15,42,21,365,0,0,4452,0,35,230,656,519,560,967,747,20,718,4452,9,20,223,243,225,338,435,715,2244,9.0,4452,9,155,407,1089,2060,732,4318,3673,645,2.85,1.87,4318,242,1235,595,1051,677,518,4318,212,938,1875,1293,4318,2517,235,690,835,0,12,0,10,19,4318,0,0,34,4318,4298,20,0,3673,15,18,23,10,39,571,2290,707,711600,596,106,19,170,241,56,4,0,1506.0,49,596,121,77,29,25,45,299,49,1
19317,2.058164705882353,4068,4012,56,0.9,0.0,4068,2918,681,0,74,34,104,243,14,0,4068,0,104,475,1134,851,581,398,201,18,306,4068,12,0,98,213,337,426,541,774,1667,8.0,4068,12,113,625,914,1889,515,4012,3346,666,2.83,2.03,4012,240,921,648,681,873,649,4012,65,885,1785,1277,4012,1587,599,1093,688,0,19,0,26,0,4012,0,0,0,4012,4012,0,0,3346,2,95,75,37,249,1204,1335,349,502800,638,0,23,124,256,159,63,13,1836.0,28,638,14,55,145,153,99,172,28,1
19320,2.0067764705882354,21118,19960,1158,2.1,2.6,21118,12792,4751,456,624,225,592,894,784,0,21118,25,1137,4887,2778,2109,2244,1050,1709,1366,3813,21118,75,299,793,1863,3298,3671,3791,3061,4267,6.6,21118,75,1182,3806,9236,5758,1061,19960,14605,5355,2.65,2.79,19960,1420,4770,3642,4722,2653,2753,19960,1355,6006,8099,4500,19960,5878,2681,5631,5192,35,273,33,197,40,19960,128,148,220,19960,19749,112,99,14605,634,869,1121,2093,4593,4337,814,144,252200,5053,468,871,2268,1062,331,13,40,1260.0,302,4993,643,554,620,572,550,2054,362,0
19333,2.0183529411764707,3215,3055,160,2.7,5.9,3215,1631,350,0,41,279,514,400,0,0,3215,0,81,156,100,417,505,773,607,146,430,3215,135,36,252,767,162,146,288,312,1117,6.9,3215,135,405,834,543,804,494,3055,1917,1138,2.79,2.21,3055,322,1069,418,488,375,383,3055,149,1036,1300,570,3055,1596,121,753,580,0,0,0,0,5,3055,14,106,63,3055,3055,0,0,1917,0,0,13,80,44,274,1015,491,694400,1121,0,81,293,604,91,0,52,1654.0,17,1078,68,145,292,300,39,234,60,3
19335,2.012141176470588,19998,19489,509,0.3,4.3,19998,12498,3803,328,377,1003,922,883,184,0,19998,149,1713,3427,3198,3792,2893,1519,1044,360,1903,19998,200,372,1240,1536,2088,2878,2526,3147,6011,7.2,19998,216,2056,1983,7188,6858,1697,19489,15607,3882,2.79,1.88,19489,1564,4783,3044,4856,2982,2260,19489,704,4904,9242,4639,19489,6396,1956,7627,3207,65,100,5,120,13,19489,76,264,76,19489,19413,38,38,15607,266,113,197,762,3201,6977,3837,254,383200,3768,30,600,2013,658,175,240,52,1319.0,114,3768,265,382,862,392,345,1522,114,2
19341,2.019764705882353,8575,8182,393,0.1,4.3,8575,3878,2182,69,453,531,789,673,0,0,8575,60,388,1392,1886,1730,1217,879,518,49,456,8575,73,209,1276,1082,931,893,953,910,2248,6.3,8575,76,1459,2008,2065,2432,535,8182,4536,3646,2.78,2.01,8182,990,2793,1122,1512,1028,737,8182,107,2924,3778,1373,8182,3289,229,3898,739,0,0,0,27,0,8182,39,79,59,8182,8044,104,34,4536,74,23,15,95,819,2372,1120,18,417500,3621,0,42,848,1527,738,171,295,1801.0,25,3579,427,636,631,428,474,983,67,1
19342,2.0487058823529414,8208,7833,375,0.0,5.6,8208,4143,1305,60,313,243,383,1708,53,0,8208,32,890,2129,1743,973,842,670,371,114,444,8208,88,208,1090,1091,671,914,1054,955,2137,6.5,8208,88,1226,2377,1548,2279,690,7833,5632,2201,2.79,1.61,7833,653,2322,1215,1935,877,831,7833,818,2455,2896,1664,7833,2825,303,3046,1495,0,51,14,53,46,7833,67,34,19,7833,7768,6,59,5632,52,62,42,75,831,2273,2149,148,462000,2106,99,37,100,763,600,325,182,2045.0,95,2106,533,181,196,213,54,929,95,1
19348,2.0328235294117647,9326,8939,387,0.7,2.2,9326,5886,1622,150,385,367,566,308,42,0,9326,20,598,1325,1732,1118,1206,599,994,277,1457,9326,156,115,469,901,1212,1241,1531,1172,2529,6.9,9326,156,752,1840,3031,2879,668,8939,6252,2687,2.63,2.27,8939,719,2081,1546,2142,1277,1174,8939,394,2458,3803,2284,8939,2992,1122,2507,2083,4,31,2,162,36,8939,32,142,64,8939,8741,119,79,6252,47,84,125,144,1263,2539,1833,217,419800,2580,50,535,1137,258,314,61,225,1217.0,107,2546,377,302,345,361,226,935,141,1
19355,2.032188235294118,11155,10707,448,1.1,6.7,11155,6623,2484,199,80,505,372,857,35,0,11155,39,1870,1313,1156,1346,1646,1083,1407,191,1104,11155,156,248,732,792,1022,1374,1450,1304,4077,7.4,11155,188,948,1241,3741,3405,1632,10707,7999,2708,2.72,2.31,10707,1144,3251,1578,2039,1144,1551,10707,359,2935,4966,2447,10707,4335,1012,2592,2564,0,51,0,114,39,10707,9,52,73,10707,10621,51,35,7999,140,115,27,157,485,2425,3731,919,556100,2671,0,234,486,1129,465,140,217,1773.0,37,2665,551,587,467,270,192,598,43,2
19380,2.0324705882352943,21546,20741,805,0.9,6.3,21546,11177,4983,289,400,906,1373,2181,237,0,21546,0,1124,2492,3596,4309,3720,2097,1418,620,2170,21546,336,577,2140,1685,2485,2820,2125,2734,6644,6.8,21546,401,2587,4358,5919,6745,1536,20741,14926,5815,2.63,1.86,20741,1442,5612,3384,4338,3286,2679,20741,938,5858,9542,4403,20741,7974,1583,7059,3706,6,68,0,157,188,20741,53,172,61,20741,20595,116,30,14926,234,131,61,130,2210,6707,4992,461,441900,5657,174,264,1767,2475,548,171,258,1626.0,158,5624,842,719,788,828,278,2169,191,2
19382,2.010941176470588,20950,20216,734,0.3,2.2,20950,10616,4941,440,750,1280,1061,1798,59,5,20950,0,911,1931,3062,4052,4259,1992,1615,479,2649,20950,224,591,1603,1969,2214,2496,2512,2900,6441,7.0,20950,242,2234,4447,5506,6431,2090,20216,14188,6028,2.68,2.0,20216,2024,5238,3105,3799,3183,2867,20216,929,6102,8565,4620,20216,7726,1011,7564,3509,0,108,45,170,83,20216,37,62,166,20216,19930,145,141,14188,174,132,413,796,1440,5600,5238,395,447100,5823,198,706,1792,1862,780,418,67,1558.0,205,5773,666,619,1040,571,275,2602,255,2
19401,2.038117647058824,18662,16862,1800,3.5,7.1,18662,3665,7447,1327,1125,991,1329,2778,0,0,18662,0,777,1213,649,1201,2254,2835,2903,1130,5700,18662,903,548,2554,2913,2879,3101,2703,1589,1472,5.3,18662,980,3476,4429,6361,2317,1099,16862,7629,9233,2.76,2.19,16862,2412,5726,2776,3097,1172,1679,16862,2879,7102,5141,1740,16862,8720,220,6160,1655,35,15,7,20,30,16862,38,178,260,16862,16255,260,347,7629,144,698,1160,2413,2341,834,26,13,186300,8834,793,2294,3448,1953,278,0,68,1185.0,399,8787,1061,1049,1030,1088,746,3813,446,0
19403,2.011435294117647,19462,18542,920,0.8,7.5,19462,9618,3808,666,579,418,733,3273,349,18,19462,47,1153,2298,2355,2750,3634,2560,3062,542,1061,19462,239,548,1488,3067,2960,2751,2572,2314,3523,6.0,19462,271,2404,5208,5896,4825,858,18542,13447,5095,2.45,2.03,18542,1736,4391,2920,4262,2406,2827,18542,811,7064,6735,3932,18542,9572,508,5042,3084,17,130,13,101,75,18542,13,140,95,18542,18296,246,0,13447,641,525,753,1431,3515,5206,1306,70,296300,4945,269,378,2036,1467,388,111,296,1459.0,150,4848,1092,881,436,345,442,1652,247,2
19405,2.003529411764706,2278,2022,256,4.3,2.4,2278,559,1081,140,93,26,80,292,0,7,2278,0,138,145,65,31,171,164,257,242,1065,2278,108,18,173,351,274,580,496,179,99,5.9,2278,158,205,511,1044,325,35,2022,984,1038,2.37,2.32,2022,221,647,333,341,120,360,2022,143,933,666,280,2022,1089,0,460,465,0,0,0,8,0,2022,30,17,0,2022,1984,38,0,984,5,31,99,216,402,231,0,0,230400,968,9,244,374,289,52,0,0,1339.0,70,968,132,121,86,140,116,373,70,3
19406,2.026117647058824,13415,12322,1093,0.4,10.2,13415,5170,1833,147,358,212,582,5099,14,0,13415,26,1348,744,1204,1746,2452,2485,2524,355,531,13415,256,987,2202,2288,1525,1898,1309,1337,1613,5.1,13415,386,2814,3646,3634,2641,294,12322,6809,5513,2.58,1.96,12322,1743,4112,1963,1885,1245,1374,12322,794,4928,5005,1595,12322,5702,147,5146,1134,0,16,0,122,55,12322,16,35,96,12322,12015,215,92,6809,107,66,101,170,2194,3310,846,15,331800,5406,139,180,1630,2200,802,345,110,1671.0,107,5396,963,1155,880,584,406,1408,117,2
19422,2.023505882352941,8015,7698,317,0.2,3.9,8015,4704,2285,93,116,172,138,452,42,13,8015,0,215,620,1539,2265,1067,882,859,163,405,8015,142,124,341,782,564,626,792,1643,3001,7.9,8015,142,449,1548,2125,2823,928,7698,6239,1459,2.64,2.25,7698,468,1704,1226,1645,1428,1227,7698,191,2037,3745,1725,7698,4330,98,2146,1062,0,32,3,0,27,7698,13,137,34,7698,7647,12,39,6239,33,10,55,268,630,2406,2704,133,479700,1352,0,71,94,717,222,124,124,1856.0,107,1352,129,265,152,250,30,526,107,1
19425,2.034235294117648,5901,5718,183,0.5,5.7,5901,4293,1505,8,14,41,0,0,40,0,5901,11,664,2222,1060,769,227,319,175,27,427,5901,10,26,0,94,415,817,651,899,2989,9.0,5901,10,26,413,2042,2468,942,5718,5275,443,3.09,2.45,5718,274,1365,1281,1752,823,223,5718,73,653,3135,1857,5718,2511,829,1477,788,11,37,0,55,10,5718,0,0,22,5718,5690,18,10,5275,76,10,33,49,641,1737,2503,226,512100,359,0,9,29,73,109,37,102,2314.0,84,354,28,48,26,44,20,188,89,1
19426,2.0183529411764707,13602,12968,634,2.1,8.9,13602,9326,2934,186,258,226,151,521,0,0,13602,35,1024,2859,3971,1181,1334,789,897,239,1273,13602,239,192,300,753,1201,2134,1914,1611,5258,7.5,13602,253,564,1347,5126,5374,938,12968,11496,1472,2.84,1.99,12968,976,2612,1959,3718,2328,1375,12968,428,2299,6469,3772,12968,6325,1310,2734,2401,9,87,27,75,0,12968,87,315,97,12968,12968,0,0,11496,182,30,114,380,2723,4857,3021,189,390700,1457,8,129,472,398,305,28,117,1650.0,15,1457,303,234,183,80,270,387,15,2
19428,2.028588235294118,9871,9270,601,0.5,6.0,9871,2613,3374,493,390,543,420,2028,10,0,9871,100,1184,1199,1019,495,582,848,1137,432,2875,9871,243,315,1655,1323,1175,1766,1247,803,1344,5.6,9871,270,1714,2552,3582,1348,405,9270,5012,4258,2.39,1.91,9270,1658,3272,1129,1155,866,1190,9270,328,3251,4373,1318,9270,6178,269,1798,917,13,6,0,61,28,9270,6,80,140,9270,9243,11,16,5012,87,8,69,110,1271,2331,1051,85,365200,4178,12,375,1174,1262,1074,194,87,1709.0,80,4159,707,1015,818,329,166,1124,99,2
19438,2.0074117647058825,9390,9236,154,0.0,5.2,9390,5868,2183,193,88,141,131,681,105,0,9390,0,602,1373,2571,1984,1144,422,495,96,703,9390,224,100,539,512,777,1578,1172,1446,3042,7.3,9390,231,548,1309,3408,3065,829,9236,7328,1908,2.81,2.1,9236,580,1981,1425,2022,1957,1271,9236,357,1978,4381,2520,9236,3550,952,2801,1539,55,182,12,122,23,9236,0,178,42,9236,9186,14,36,7328,49,129,245,520,1541,3132,1692,20,369900,1827,112,187,449,589,313,117,60,1640.0,81,1797,236,252,166,315,117,711,111,1
19440,2.0090352941176475,7727,7524,203,0.0,6.0,7727,3986,1338,161,146,171,840,699,368,18,7727,67,584,565,1021,1299,1625,809,652,319,786,7727,119,267,716,813,1032,1244,1109,850,1577,6.2,7727,119,1268,1582,2566,1852,340,7524,5137,2387,2.93,2.1,7524,628,1998,1335,1478,1109,976,7524,180,2348,3004,1992,7524,2144,380,3051,1836,0,57,0,36,20,7524,87,135,80,7524,7437,80,7,5137,198,178,62,181,1561,2381,564,12,325900,2301,46,460,1385,342,49,19,0,1216.0,86,2282,264,167,470,226,287,868,105,1
19444,2.014823529411765,4998,4764,234,0.0,12.5,4998,3040,545,0,34,71,187,1098,23,0,4998,0,72,356,876,733,743,559,969,440,250,4998,132,41,541,487,400,537,577,811,1472,7.1,4998,139,872,552,1560,1568,307,4764,3513,1251,2.52,1.72,4764,299,1288,513,1370,578,716,4764,180,1766,1820,998,4764,3173,86,1269,222,0,0,0,0,14,4764,12,59,6,4764,4745,0,19,3513,23,0,84,75,96,2066,1097,72,424800,1225,0,24,251,425,306,153,66,1897.0,26,1195,141,161,105,178,144,466,56,3
19446,2.012352941176471,24396,23608,788,0.7,3.2,24396,10919,6074,931,1033,994,1512,2890,43,0,24396,20,1269,1586,3851,4199,3753,3060,2974,754,2930,24396,503,610,2147,3130,3068,3707,2954,3070,5207,6.2,24396,524,2756,5348,8324,6407,1037,23608,15705,7903,2.73,2.12,23608,2160,6150,4007,5062,3312,2917,23608,1392,7406,10787,4023,23608,11523,711,6530,4314,0,67,31,140,292,23608,47,293,247,23608,23018,520,70,15705,278,135,453,1296,3511,7490,2368,174,349300,7581,395,815,2862,1880,910,303,416,1452.0,322,7528,800,1077,1023,917,679,3032,375,0
19454,2.0056470588235293,11423,11178,245,0.7,1.4,11423,5454,2876,148,262,737,378,828,740,0,11423,20,576,1199,2976,2354,1537,597,818,209,1137,11423,148,130,741,1438,1467,1755,1508,1249,2987,6.5,11423,148,1202,2979,3309,3137,648,11178,8791,2387,2.65,1.8,11178,916,2247,2148,2889,1727,1251,11178,554,3417,4773,2434,11178,5887,286,3609,1322,0,26,0,0,48,11178,38,114,132,11178,11065,83,30,8791,164,376,428,644,1696,3440,1963,80,352700,2350,19,162,1167,752,121,104,25,1451.0,37,2288,501,360,326,297,174,630,99,2
19460,2.031623529411765,17921,17208,713,0.7,4.9,17921,9230,4777,314,637,448,697,1593,225,0,17921,121,1176,2959,2439,1912,1525,2248,1569,626,3346,17921,328,638,1453,1629,2059,2822,2573,2500,3919,6.5,17921,426,1972,3128,6933,4451,1011,17208,12131,5077,2.61,1.97,17208,1890,4810,2525,3702,2329,1952,17208,697,5197,7971,3343,17208,8227,958,3998,3553,11,237,0,144,80,17208,40,216,74,17208,17088,104,16,12131,209,130,283,588,3403,4985,2245,288,350900,4883,308,884,1644,1435,496,61,55,1365.0,194,4731,982,780,572,574,524,1299,346,2
19462,2.031341176470588,6588,6347,241,1.3,4.0,6588,4506,626,103,86,101,96,1057,1,12,6588,0,501,419,303,702,719,1317,1656,588,383,6588,114,106,560,481,569,1021,1063,1172,1502,6.9,6588,118,611,886,2636,1861,476,6347,5129,1218,2.64,1.79,6347,473,1188,1042,1344,989,1311,6347,214,1862,2821,1450,6347,3308,121,1883,994,0,29,0,12,0,6347,0,38,0,6347,6126,206,15,5129,47,0,88,171,1058,2869,809,87,377700,1191,4,63,393,413,211,102,5,1664.0,27,1181,191,189,76,132,96,497,37,1
19464,2.012,20304,18586,1718,5.5,6.8,20304,10042,5907,1119,839,794,478,970,101,54,20304,0,589,1996,1859,1634,2186,1718,3309,1649,5364,20304,309,475,1607,1960,2949,4692,3584,2054,2674,6.1,20304,354,2179,4350,9147,3507,767,18586,11970,6616,2.61,2.5,18586,2089,4419,2964,4249,2090,2775,18586,1255,6326,7363,3642,18586,5748,616,5197,6580,22,273,0,125,25,18586,118,110,120,18586,18233,277,76,11970,438,1302,2538,2417,3412,1573,275,15,181600,6425,438,2196,2601,883,242,65,0,1096.0,191,6310,456,843,1022,792,635,2562,306,0
19465,2.0158823529411767,7515,7244,271,0.0,3.8,7515,5355,788,93,287,284,488,161,59,0,7515,0,259,1714,553,694,938,971,845,170,1371,7515,10,67,417,699,789,1123,1085,884,2441,7.1,7515,10,588,1105,2983,2172,657,7244,5754,1490,2.66,2.18,7244,493,1671,1053,1873,691,1463,7244,175,1591,3190,2288,7244,1576,1097,1408,2804,21,231,3,73,31,7244,0,6,0,7244,7203,41,0,5754,114,41,131,511,1832,2342,652,131,316700,1460,139,387,518,269,142,5,0,1159.0,30,1435,273,160,245,108,125,524,55,1
19468,2.0169411764705885,10939,10572,367,0.8,7.3,10939,4514,3782,350,226,472,549,783,263,0,10939,54,845,1909,3012,1018,1327,488,618,388,1280,10939,119,226,920,1310,1324,1838,1800,1171,2231,6.4,10939,150,987,2348,4614,2423,417,10572,7952,2620,2.61,2.12,10572,984,2583,1743,2736,1573,953,10572,360,3514,4772,1926,10572,5178,610,2840,1765,10,30,25,57,57,10572,23,28,129,10572,10484,54,34,7952,99,132,397,872,2584,3208,623,37,295400,2605,126,396,728,1109,229,17,0,1524.0,15,2605,283,262,432,401,269,958,15,2
19473,2.019905882352941,6673,6424,249,1.1,7.7,6673,4863,1231,97,93,114,26,234,15,0,6673,0,340,1237,1863,957,775,209,626,105,561,6673,39,24,216,233,1027,1339,759,1126,1910,7.1,6673,39,291,1091,2859,2166,227,6424,5571,853,2.73,2.64,6424,488,1248,905,1872,1266,645,6424,130,1453,3062,1779,6424,2238,641,1899,1282,20,291,0,45,8,6424,10,26,15,6424,6391,4,29,5571,112,97,146,542,1318,2011,1291,54,359300,800,56,100,401,183,39,18,3,1269.0,53,773,148,60,69,83,67,346,80,1
19475,2.002470588235294,5034,4814,220,0.8,0.8,5034,2603,912,342,167,169,378,255,208,0,5034,0,280,514,702,411,339,421,639,140,1588,5034,115,40,446,582,738,512,446,851,1304,6.7,5034,142,610,1025,1607,1331,319,4814,3345,1469,2.62,1.74,4814,504,1457,725,1015,636,477,4814,129,1683,1970,1032,4814,1313,473,1234,1598,0,72,0,41,83,4814,0,11,21,4814,4801,0,13,3345,252,84,136,378,1032,866,568,29,281400,1333,200,638,424,71,0,0,0,884.0,136,1293,226,289,156,131,153,338,176,1
19512,2.0081882352941176,7416,6876,540,1.6,5.4,7416,4902,874,501,215,207,227,339,151,0,7416,13,94,308,713,944,1146,703,1027,415,2053,7416,202,237,507,656,1334,1512,1051,749,1168,6.0,7416,276,822,1477,3171,1296,374,6876,5063,1813,2.56,1.94,6876,362,1630,914,1467,1085,1418,6876,341,1812,2794,1929,6876,988,704,1667,3000,116,284,3,78,36,6876,0,199,71,6876,6783,73,20,5063,165,144,720,1469,1535,846,175,9,202000,1730,75,693,674,161,87,40,0,1050.0,83,1730,204,287,122,235,178,704,83,1
19525,1.001129411764706,5766,5598,168,2.4,0.0,5766,4997,476,19,56,39,88,91,0,0,5766,0,951,1248,774,852,716,383,444,142,256,5766,0,32,72,259,497,819,1093,1399,1595,7.6,5766,0,172,330,2506,2453,305,5598,5135,463,3.04,2.6,5598,230,1109,1063,1874,713,609,5598,90,841,2596,2071,5598,2304,392,1681,1072,0,75,0,66,8,5598,0,0,19,5598,5588,10,0,5135,62,29,75,247,1669,2939,92,22,321500,441,26,97,229,38,31,13,7,1126.0,22,422,119,73,105,39,8,78,41,1
